-- phpMyAdmin SQL Dump
-- version 4.0.4
-- http://www.phpmyadmin.net
--
-- 主机: localhost
-- 生成日期: 2013 年 12 月 08 日 13:17
-- 服务器版本: 5.6.12-log
-- PHP 版本: 5.4.12

SET SQL_MODE = "NO_AUTO_VALUE_ON_ZERO";
SET time_zone = "+00:00";


/*!40101 SET @OLD_CHARACTER_SET_CLIENT=@@CHARACTER_SET_CLIENT */;
/*!40101 SET @OLD_CHARACTER_SET_RESULTS=@@CHARACTER_SET_RESULTS */;
/*!40101 SET @OLD_COLLATION_CONNECTION=@@COLLATION_CONNECTION */;
/*!40101 SET NAMES utf8 */;

--
-- 数据库: `akbquiz`
--
CREATE DATABASE IF NOT EXISTS `akbquiz` DEFAULT CHARACTER SET utf8 COLLATE utf8_general_ci;
USE `akbquiz`;

-- --------------------------------------------------------

--
-- 表的结构 `memberinfo_events`
--

CREATE TABLE IF NOT EXISTS `memberinfo_events` (
  `id` int(11) NOT NULL AUTO_INCREMENT,
  `uid_id` int(11) NOT NULL,
  `name` varchar(32) NOT NULL,
  `etype` int(11) NOT NULL,
  `datafrom_id` int(11) NOT NULL,
  `datato_id` int(11) NOT NULL,
  `date` date NOT NULL,
  `description` longtext NOT NULL,
  `state` int(11) NOT NULL,
  `createtime` datetime NOT NULL,
  `edittime` datetime NOT NULL,
  PRIMARY KEY (`id`),
  KEY `memberinfo_events_2600da4b` (`uid_id`),
  KEY `memberinfo_events_25e58f54` (`datafrom_id`),
  KEY `memberinfo_events_5d9d17f1` (`datato_id`)
) ENGINE=InnoDB DEFAULT CHARSET=utf8 AUTO_INCREMENT=1 ;

-- --------------------------------------------------------

--
-- 表的结构 `memberinfo_events_mid`
--

CREATE TABLE IF NOT EXISTS `memberinfo_events_mid` (
  `id` int(11) NOT NULL AUTO_INCREMENT,
  `events_id` int(11) NOT NULL,
  `memberinfo_id` int(11) NOT NULL,
  PRIMARY KEY (`id`),
  UNIQUE KEY `events_id` (`events_id`,`memberinfo_id`),
  KEY `memberinfo_events_mid_18213591` (`events_id`),
  KEY `memberinfo_events_mid_1694962c` (`memberinfo_id`)
) ENGINE=InnoDB DEFAULT CHARSET=utf8 AUTO_INCREMENT=1 ;

-- --------------------------------------------------------

--
-- 表的结构 `memberinfo_group`
--

CREATE TABLE IF NOT EXISTS `memberinfo_group` (
  `id` int(11) NOT NULL AUTO_INCREMENT,
  `groupname` varchar(8) NOT NULL,
  `founded` date NOT NULL,
  `description` longtext NOT NULL,
  `createtime` datetime NOT NULL,
  `edittime` datetime NOT NULL,
  PRIMARY KEY (`id`)
) ENGINE=InnoDB  DEFAULT CHARSET=utf8 AUTO_INCREMENT=11 ;

--
-- 转存表中的数据 `memberinfo_group`
--

INSERT INTO `memberinfo_group` (`id`, `groupname`, `founded`, `description`, `createtime`, `edittime`) VALUES
(2, 'AKB48', '2005-12-08', 'AKB48的名字取自东京的秋叶原地区（简称Akiba），并在秋叶原拥有名为AKB48剧场的专用表演场地，以“可以面对面的偶像”为理念，几乎每天都在专用剧场进行公演。另外，AKB48已被吉尼斯世界纪录认证为世界上最多成员的流行组合。', '2013-12-04 15:25:21', '2013-12-04 15:25:21'),
(3, 'SKE48', '2008-07-30', 'SKE48是由秋元康担任制作人，自2008年出道以东海地方为中心活动的日本女性偶像团体。与AKB48并不相同，成员主要出身于当地（特别是爱知县），且成员皆隶属同一事务所为其特征。日本唱片销量突破480万张。', '2013-12-04 15:26:34', '2013-12-04 15:26:34'),
(4, 'NMB48', '2010-10-09', 'NMB48是一个由秋元康担任制作人，以日本近畿地方为主要活动中心的女性偶像团体。2010年创立的NMB48是继SKE48之后，第二个根据AKB48的概念而创立的地方性姊妹团体，主要的幕后营运业者是以大阪为主要根据地的娱乐经济公司吉本兴业之合资企业京乐吉本（KYORAKU吉本.ホールディングス）。NMB48的团体名称源自位于大阪南区的闹区难波（其罗马拼音为“NAMBA”），大部分的成员都出身自近畿与中国地方一带的县。', '2013-12-04 15:27:19', '2013-12-04 15:27:19'),
(5, 'HKT48', '2011-10-23', 'HKT48是日本一个由作词家秋元康担任总制作人、以福冈市为主要活动据点的女子偶像组合，成立于2011年，团名源自福冈的古名博多（罗马拼音为HAKATA）。HKT48是继SKE48和NMB48之后，第三个依照AKB48的运作概念所成立的地方性姊妹组合，在福冈市中心的福冈海鹰城（Hawks Town）拥有专属表演剧场，大部分成员都出身自九州地方各县。', '2013-12-04 15:28:34', '2013-12-04 15:28:34'),
(6, 'NGZK46', '2011-08-22', '乃木坂46是作为AKB48的“官方对手”而成立的女子组合，因此跟AKB48的“姊妹组合”（如SKE48等）不同。例如组合不像AKB48及其姊妹组合般拥有AKB48剧场、NMB48剧场等专属表演场地。此外，据秋元康所讲，公演上半部份结束后，会由观众投票决定下半部份的编舞排位。组合名称中的“乃木坂”是唱片公司日本索尼音乐（SME）总部大楼的所在地。根据秋元康所说，“46”象征：“就算人数比AKB48少，也具有不逊于AKB48的干劲”。', '2013-12-04 15:29:50', '2013-12-04 15:56:43'),
(7, 'SDN48', '2009-08-01', 'SDN48是日本的女子偶像团体，以卖弄性感为特色，由秋元康于2009年创立。原则上每周六22时开始，于AKB48公演所使用的秋叶原AKB48剧场进行公演。2012年3月31日所有成员毕业之后，团体的活动事实上已完全终止。', '2013-12-04 15:33:38', '2013-12-04 15:33:38'),
(8, 'JKT48', '2013-02-16', 'JKT48是以印尼雅加达为中心活动的女子音乐组合。由秋元康担任制作人，是首支以日本以外作根据地的AKB48姊妹团体。', '2013-12-04 15:34:20', '2013-12-04 15:34:20'),
(9, 'SNH48', '2013-08-30', 'SNH48是一个在2012年于上海成立的中国大陆女子偶像团体，由秋元康担任总监督，为AKB48的姊妹团体。', '2013-12-04 15:35:04', '2013-12-04 15:35:04'),
(10, 'Unknown', '2013-12-08', '', '2013-12-08 08:01:23', '2013-12-08 08:01:23');

-- --------------------------------------------------------

--
-- 表的结构 `memberinfo_memberinfo`
--

CREATE TABLE IF NOT EXISTS `memberinfo_memberinfo` (
  `mid` int(11) NOT NULL AUTO_INCREMENT,
  `team_id` int(11) NOT NULL,
  `name` varchar(32) NOT NULL,
  `grade_group_id` int(11) NOT NULL,
  `grade_num` varchar(4) NOT NULL,
  `comefrom` int(11) NOT NULL,
  `birthday` date NOT NULL,
  `graduate` date NOT NULL,
  `description` longtext NOT NULL,
  `bothin_id` int(11) DEFAULT NULL,
  `createtime` datetime NOT NULL,
  `edittime` datetime NOT NULL,
  `state` int(11) NOT NULL,
  PRIMARY KEY (`mid`),
  KEY `memberinfo_memberinfo_30753b9` (`team_id`),
  KEY `memberinfo_memberinfo_3b8ce97e` (`grade_group_id`),
  KEY `memberinfo_memberinfo_22dc57e` (`bothin_id`)
) ENGINE=InnoDB  DEFAULT CHARSET=utf8 AUTO_INCREMENT=398 ;

--
-- 转存表中的数据 `memberinfo_memberinfo`
--

INSERT INTO `memberinfo_memberinfo` (`mid`, `team_id`, `name`, `grade_group_id`, `grade_num`, `comefrom`, `birthday`, `graduate`, `description`, `bothin_id`, `createtime`, `edittime`, `state`) VALUES
(1, 3, '篠田麻里子', 2, '1.5', 40, '1986-03-11', '0001-01-01', '麻里子様', NULL, '2013-12-08 13:14:07', '2013-12-08 13:14:07', 1),
(2, 3, '高桥みなみ', 2, '1', 13, '1991-04-08', '0001-01-01', 'たかみな', NULL, '2013-12-08 13:14:07', '2013-12-08 13:14:07', 1),
(3, 3, '渡边麻友', 2, '3', 0, '1994-03-26', '0001-01-01', 'まゆゆ', NULL, '2013-12-08 13:14:07', '2013-12-08 13:14:07', 1),
(4, 3, '河西智美', 2, '2', 13, '1991-11-16', '0001-01-01', 'ともみちゃん', NULL, '2013-12-08 13:14:08', '2013-12-08 13:14:08', 1),
(5, 3, '横山由依', 2, '9', 26, '1992-12-08', '0001-01-01', 'ゆいはん', 14, '2013-12-08 13:14:08', '2013-12-08 13:14:08', 1),
(6, 3, '菊地あやか', 2, '7', 13, '1993-06-30', '0001-01-01', 'あやりん', NULL, '2013-12-08 13:14:08', '2013-12-08 13:14:08', 1),
(7, 3, '仁藤萌乃', 2, '5', 13, '1992-07-22', '0001-01-01', 'もえの', NULL, '2013-12-08 13:14:08', '2013-12-08 13:14:08', 1),
(8, 3, '中冢智実', 2, '5', 0, '1993-06-18', '0001-01-01', 'Chris', NULL, '2013-12-08 13:14:08', '2013-12-08 13:14:08', 1),
(9, 3, '松井咲子', 2, '7', 0, '1990-12-10', '0001-01-01', 'さきっぺ', NULL, '2013-12-08 13:14:08', '2013-12-08 13:14:08', 1),
(10, 3, '佐藤すみれ', 2, '7', 0, '1993-11-20', '0001-01-01', 'すーちゃん', NULL, '2013-12-08 13:14:08', '2013-12-08 13:14:08', 1),
(11, 3, '入山杏奈', 2, '10', 12, '1995-12-03', '0001-01-01', 'あんにん', NULL, '2013-12-08 13:14:08', '2013-12-08 13:14:08', 1),
(12, 3, '仲俣汐里', 2, '10', 13, '1992-07-25', '0001-01-01', 'しおりん', NULL, '2013-12-08 13:14:08', '2013-12-08 13:14:08', 1),
(13, 3, '川荣李奈', 2, '11', 14, '1995-02-12', '0001-01-01', 'りっちゃん', NULL, '2013-12-08 13:14:08', '2013-12-08 13:14:08', 1),
(14, 3, '岩田华怜', 2, '12', 4, '1998-05-13', '0001-01-01', 'カレン', NULL, '2013-12-08 13:14:09', '2013-12-08 13:14:09', 1),
(15, 3, '高桥朱里', 2, '12', 8, '1997-10-03', '0001-01-01', 'じゅり', NULL, '2013-12-08 13:14:09', '2013-12-08 13:14:09', 1),
(16, 3, '田野优花', 2, '12', 13, '1997-03-07', '0001-01-01', 'たのちゃん', NULL, '2013-12-08 13:14:09', '2013-12-08 13:14:09', 1),
(17, 3, '伊豆田莉奈', 2, '10', 0, '1995-11-26', '0001-01-01', 'いずりーな', NULL, '2013-12-08 13:14:09', '2013-12-08 13:14:09', 1),
(18, 3, '小林茉里奈', 2, '10', 13, '1996-02-24', '0001-01-01', 'まりんちゃん', NULL, '2013-12-08 13:14:09', '2013-12-08 13:14:09', 1),
(19, 3, '森川彩香', 2, '11', 0, '1996-03-24', '0001-01-01', 'あーや', NULL, '2013-12-08 13:14:09', '2013-12-08 13:14:09', 1),
(20, 3, '大岛凉花', 2, '13', 14, '1998-10-21', '0001-01-01', 'りょーちゃん', NULL, '2013-12-08 13:14:09', '2013-12-08 13:14:09', 1),
(21, 4, '大岛优子', 2, '2', 9, '1988-10-17', '0001-01-01', 'ゆうこ', NULL, '2013-12-08 13:14:09', '2013-12-08 13:14:09', 1),
(22, 4, '板野友美', 2, '1', 14, '1991-07-03', '0001-01-01', 'ともちん', NULL, '2013-12-08 13:14:09', '2013-12-08 13:14:09', 1),
(23, 4, '秋元才加', 2, '2', 12, '1988-07-26', '0001-01-01', 'さやか', NULL, '2013-12-08 13:14:09', '2013-12-08 13:14:09', 1),
(24, 4, '北原里英', 2, '5', 23, '1991-06-24', '0001-01-01', 'きたりえ', 9, '2013-12-08 13:14:09', '2013-12-08 13:14:09', 1),
(25, 4, '佐藤亚美菜', 2, '4', 13, '1990-10-16', '0001-01-01', 'あみな', NULL, '2013-12-08 13:14:09', '2013-12-08 13:14:09', 1),
(26, 4, '仓持明日香', 2, '4', 14, '1989-09-11', '0001-01-01', 'もっちぃ', NULL, '2013-12-08 13:14:09', '2013-12-08 13:14:09', 1),
(27, 4, '小林香菜', 2, '2', 11, '1991-05-17', '0001-01-01', 'かな', NULL, '2013-12-08 13:14:09', '2013-12-08 13:14:10', 1),
(28, 4, '松原夏海', 2, '2', 40, '1990-06-19', '0001-01-01', 'なっつみぃ', NULL, '2013-12-08 13:14:10', '2013-12-08 13:14:10', 1),
(29, 4, '仲谷明香', 2, '3', 12, '1991-10-15', '0001-01-01', 'なかやん', NULL, '2013-12-08 13:14:10', '2013-12-08 13:14:10', 1),
(30, 4, '中田千智', 2, '4', 11, '1990-10-08', '0001-01-01', 'ちぃちゃん', NULL, '2013-12-08 13:14:10', '2013-12-08 13:14:10', 1),
(31, 4, '宫崎美穗', 2, '5', 13, '1993-07-30', '0001-01-01', 'みゃお', NULL, '2013-12-08 13:14:10', '2013-12-08 13:14:10', 1),
(32, 4, '前田亚美', 2, '7', 13, '1995-06-01', '0001-01-01', 'あーみん', NULL, '2013-12-08 13:14:10', '2013-12-08 13:14:10', 1),
(33, 4, '内田真由美', 2, '5', 13, '1993-12-27', '0001-01-01', 'ウッチー', NULL, '2013-12-08 13:14:10', '2013-12-08 13:14:10', 1),
(34, 4, '近野莉菜', 2, '5', 13, '1993-04-23', '0001-01-01', 'チカリーナ', NULL, '2013-12-08 13:14:10', '2013-12-08 13:14:10', 1),
(35, 4, '铃木紫帆里', 2, '11', 14, '1994-02-17', '0001-01-01', 'しほりん', NULL, '2013-12-08 13:14:10', '2013-12-08 13:14:10', 1),
(36, 4, '岛田晴香', 2, '9', 22, '1992-12-16', '0001-01-01', 'はるぅ', NULL, '2013-12-08 13:14:10', '2013-12-08 13:14:10', 1),
(37, 4, '永尾玛利亚', 2, '9', 14, '1994-03-10', '0001-01-01', 'まりや', NULL, '2013-12-08 13:14:10', '2013-12-08 13:14:10', 1),
(38, 4, '阿部玛利亚', 2, '10', 14, '1995-11-29', '0001-01-01', 'まりあ', NULL, '2013-12-08 13:14:10', '2013-12-08 13:14:10', 1),
(39, 4, '藤田奈那', 2, '10', 13, '1996-12-28', '0001-01-01', 'なぁな', NULL, '2013-12-08 13:14:10', '2013-12-08 13:14:10', 1),
(40, 4, '武藤十梦', 2, '12', 13, '1994-11-25', '0001-01-01', 'とむ', NULL, '2013-12-08 13:14:10', '2013-12-08 13:14:11', 1),
(41, 5, '梅田彩佳', 2, '2', 40, '1989-01-03', '0001-01-01', 'うめちゃん', NULL, '2013-12-08 13:14:11', '2013-12-08 13:14:11', 1),
(42, 5, '柏木由纪', 2, '3', 46, '1991-07-15', '0001-01-01', 'ゆきりん', NULL, '2013-12-08 13:14:11', '2013-12-08 13:14:11', 1),
(43, 5, '小嶋阳菜', 2, '1', 11, '1988-04-19', '0001-01-01', 'こじはる', NULL, '2013-12-08 13:14:11', '2013-12-08 13:14:11', 1),
(44, 5, '岛崎遥香', 2, '9', 11, '1994-03-30', '0001-01-01', 'ぱるる', NULL, '2013-12-08 13:14:11', '2013-12-08 13:14:11', 1),
(45, 5, '片山阳加', 2, '3', 23, '1990-05-10', '0001-01-01', 'はーちゃん', NULL, '2013-12-08 13:14:11', '2013-12-08 13:14:11', 1),
(46, 5, '小森美果', 2, '7', 23, '1994-07-19', '0001-01-01', 'こもりん', NULL, '2013-12-08 13:14:11', '2013-12-08 13:14:11', 1),
(47, 5, '藤江丽奈', 2, '4', 12, '1994-02-10', '0001-01-01', 'れいにゃん', NULL, '2013-12-08 13:14:11', '2013-12-08 13:14:11', 1),
(48, 5, '石田晴香', 2, '5', 11, '1993-12-02', '0001-01-01', 'はるきゃん', NULL, '2013-12-08 13:14:11', '2013-12-08 13:14:11', 1),
(49, 5, '岩佐美咲', 2, '7', 12, '1995-01-30', '0001-01-01', 'わさみん', NULL, '2013-12-08 13:14:11', '2013-12-08 13:14:11', 1),
(50, 5, '田名部生来', 2, '3', 25, '1992-12-02', '0001-01-01', 'たなみん', NULL, '2013-12-08 13:14:11', '2013-12-08 13:14:11', 1),
(51, 5, '大家志津香', 2, '4', 40, '1991-12-28', '0001-01-01', 'しーちゃん', NULL, '2013-12-08 13:14:11', '2013-12-08 13:14:11', 1),
(52, 5, '市川美织', 2, '10', 11, '1994-02-12', '0001-01-01', 'みおりん', NULL, '2013-12-08 13:14:11', '2013-12-08 13:14:11', 1),
(53, 5, '大场美奈', 2, '9', 14, '1992-04-03', '0001-01-01', 'みなるん', NULL, '2013-12-08 13:14:11', '2013-12-08 13:14:11', 1),
(54, 5, '山内铃兰', 2, '9', 12, '1994-12-08', '0001-01-01', 'らんらん', NULL, '2013-12-08 13:14:12', '2013-12-08 13:14:12', 1),
(55, 5, '野中美郷', 2, '6', 14, '1991-04-20', '0001-01-01', 'みちゃ', NULL, '2013-12-08 13:14:12', '2013-12-08 13:14:12', 1),
(56, 5, '加藤玲奈', 2, '10', 12, '1997-07-10', '0001-01-01', 'れなっち', NULL, '2013-12-08 13:14:12', '2013-12-08 13:14:12', 1),
(57, 5, '中村麻里子', 2, '9', 12, '1993-12-16', '0001-01-01', 'こまり', NULL, '2013-12-08 13:14:12', '2013-12-08 13:14:12', 1),
(58, 5, '竹内美宥', 2, '9', 13, '1996-01-12', '0001-01-01', 'みゆみゆ', NULL, '2013-12-08 13:14:12', '2013-12-08 13:14:12', 1),
(59, 5, '小嶋菜月', 2, '11', 12, '1995-03-08', '0001-01-01', 'なっつん', NULL, '2013-12-08 13:14:12', '2013-12-08 13:14:12', 1),
(60, 5, '名取稚菜', 2, '11', 13, '1995-06-07', '0001-01-01', 'わかにゃん', NULL, '2013-12-08 13:14:12', '2013-12-08 13:14:12', 1),
(61, 7, '相笠萌', 2, '13', 14, '1998-04-06', '0001-01-01', 'もえもえ', NULL, '2013-12-08 13:14:12', '2013-12-08 13:14:12', 1),
(62, 7, '岩立沙穂', 2, '13', 14, '1994-10-04', '0001-01-01', 'さっほー', NULL, '2013-12-08 13:14:12', '2013-12-08 13:14:12', 1),
(63, 7, '梅田绫乃', 2, '13', 13, '1999-03-20', '0001-01-01', 'うめたん', NULL, '2013-12-08 13:14:12', '2013-12-08 13:14:12', 1),
(64, 7, '大森美优', 2, '12', 14, '1998-09-03', '0001-01-01', 'みゆぽん', NULL, '2013-12-08 13:14:12', '2013-12-08 13:14:12', 1),
(65, 7, '冈田彩花', 2, '13', 13, '1998-11-06', '0001-01-01', 'あややん', NULL, '2013-12-08 13:14:12', '2013-12-08 13:14:12', 1),
(66, 7, '北泽早纪', 2, '13', 23, '1997-06-05', '0001-01-01', 'さっきー', NULL, '2013-12-08 13:14:12', '2013-12-08 13:14:12', 1),
(67, 7, '佐佐木优佳里', 2, '12', 11, '1995-08-28', '0001-01-01', 'ゆかるん', NULL, '2013-12-08 13:14:12', '2013-12-08 13:14:12', 1),
(68, 7, '篠崎彩奈', 2, '13', 11, '1996-01-08', '0001-01-01', 'あやなん', NULL, '2013-12-08 13:14:12', '2013-12-08 13:14:12', 1),
(69, 7, '高岛佑利奈', 2, '13', 23, '1997-05-24', '0001-01-01', 'ゆーりん', NULL, '2013-12-08 13:14:12', '2013-12-08 13:14:13', 1),
(70, 7, '平田梨奈', 2, '12', 40, '1998-07-16', '0001-01-01', 'ひらりー', NULL, '2013-12-08 13:14:13', '2013-12-08 13:14:13', 1),
(71, 7, '村山彩希', 2, '13', 14, '1997-06-15', '0001-01-01', 'ゆいりー', NULL, '2013-12-08 13:14:13', '2013-12-08 13:14:13', 1),
(72, 7, '茂木忍', 2, '13', 12, '1997-02-16', '0001-01-01', 'もぎちゃん', NULL, '2013-12-08 13:14:13', '2013-12-08 13:14:13', 1),
(73, 7, '内山奈月', 2, '14', 14, '1995-09-25', '0001-01-01', '-', NULL, '2013-12-08 13:14:13', '2013-12-08 13:14:13', 1),
(74, 7, '冈田奈奈', 2, '14', 14, '1997-11-07', '0001-01-01', '-', NULL, '2013-12-08 13:14:13', '2013-12-08 13:14:13', 1),
(75, 7, '小嶋真子', 2, '14', 13, '1997-05-30', '0001-01-01', '-', NULL, '2013-12-08 13:14:13', '2013-12-08 13:14:13', 1),
(76, 7, '西野未姫', 2, '14', 22, '1999-04-04', '0001-01-01', '-', NULL, '2013-12-08 13:14:13', '2013-12-08 13:14:13', 1),
(77, 7, '桥本耀', 2, '14', 14, '1997-06-17', '0001-01-01', '-', NULL, '2013-12-08 13:14:13', '2013-12-08 13:14:13', 1),
(78, 7, '前田美月', 2, '14', 13, '1998-10-05', '0001-01-01', '-', NULL, '2013-12-08 13:14:13', '2013-12-08 13:14:13', 1),
(79, 7, '峯岸南', 2, '1', 13, '1992-11-15', '0001-01-01', 'みいちゃん', NULL, '2013-12-08 13:14:13', '2013-12-08 13:14:13', 1),
(80, 2, '宇佐美友纪', 2, '1', 11, '1984-12-06', '2006-03-31', 'ゆっきぃ', NULL, '2013-12-08 13:14:13', '2013-12-08 13:14:13', 0),
(81, 2, '上村彩子', 2, '2', 11, '1986-02-06', '2006-06-17', 'あーや', NULL, '2013-12-08 13:14:13', '2013-12-08 13:14:13', 0),
(82, 2, '折井步', 2, '1', 20, '1985-07-20', '2007-01-25', 'あゆ姉', NULL, '2013-12-08 13:14:13', '2013-12-08 13:14:13', 0),
(83, 2, '高田彩奈', 2, '2', 23, '1988-07-21', '2007-06-22', 'あやな', NULL, '2013-12-08 13:14:13', '2013-12-08 13:14:13', 0),
(84, 2, '今井优', 2, '2', 11, '1985-04-17', '2007-06-22', 'ゆう', NULL, '2013-12-08 13:14:13', '2013-12-08 13:14:13', 0),
(85, 2, '星野满', 2, '1', 12, '1985-11-19', '2007-06-26', 'みっちー', NULL, '2013-12-08 13:14:13', '2013-12-08 13:14:14', 0),
(86, 2, '渡边志穗', 2, '1', 28, '1987-10-25', '2007-10-02', 'しほ', NULL, '2013-12-08 13:14:14', '2013-12-08 13:14:14', 0),
(87, 2, '增山加弥乃', 2, '1', 13, '1994-02-12', '2007-11-30', 'かや', NULL, '2013-12-08 13:14:14', '2013-12-08 13:14:14', 0),
(88, 2, '井上奈瑠', 2, '3', 27, '1991-12-18', '2008-09-29', 'なるぽん', NULL, '2013-12-08 13:14:14', '2013-12-08 13:14:14', 0),
(89, 2, '大江朝美', 2, '1', 13, '1989-06-15', '2008-11-23', 'おーいぇ', NULL, '2013-12-08 13:14:14', '2013-12-08 13:14:14', 0),
(90, 2, '驹谷仁美', 2, '1', 11, '1988-12-16', '2008-11-23', 'ひぃピンク', NULL, '2013-12-08 13:14:14', '2013-12-08 13:14:14', 0),
(91, 2, '戸岛花', 2, '1', 11, '1988-07-11', '2008-11-23', 'はな', NULL, '2013-12-08 13:14:14', '2013-12-08 13:14:14', 0),
(92, 2, '中西里菜', 2, '1', 44, '1988-06-26', '2008-11-23', 'りなてぃん', NULL, '2013-12-08 13:14:14', '2013-12-08 13:14:14', 0),
(93, 2, '成田梨纱', 2, '1', 13, '1991-03-01', '2008-11-23', 'りさ', NULL, '2013-12-08 13:14:14', '2013-12-08 13:14:14', 0),
(94, 2, '野口玲菜', 2, '3', 11, '1993-04-15', '2009-02-01', 'ぐっさん', NULL, '2013-12-08 13:14:14', '2013-12-08 13:14:14', 0),
(95, 2, '松冈由纪', 2, '3', 14, '1987-10-07', '2009-02-01', 'まつゆき', NULL, '2013-12-08 13:14:14', '2013-12-08 13:14:14', 0),
(96, 2, '川崎希', 2, '1', 14, '1987-08-23', '2009-02-27', 'のぞフィス', NULL, '2013-12-08 13:14:14', '2013-12-08 13:14:15', 0),
(97, 2, '大岛麻衣', 2, '1', 12, '1987-09-11', '2009-04-26', 'まいまい', NULL, '2013-12-08 13:14:15', '2013-12-08 13:14:15', 1),
(98, 2, '早野薰', 2, '2', 13, '1992-12-12', '2009-04-26', 'かおりん', NULL, '2013-12-08 13:14:15', '2013-12-08 13:14:15', 0),
(99, 2, '成濑沙', 2, '4', 11, '1993-08-13', '2009-05-24', 'なるる', NULL, '2013-12-08 13:14:15', '2013-12-08 13:14:15', 0),
(100, 2, '佐伯美香', 2, '4', 9, '1989-10-29', '2009-08-23', '美香ちぃ', NULL, '2013-12-08 13:14:15', '2013-12-08 13:14:15', 0),
(101, 22, '大堀惠', 2, '2', 13, '1983-08-25', '2010-02-21', 'めーたん', NULL, '2013-12-08 13:14:15', '2013-12-08 13:14:15', 1),
(102, 22, '野吕佳代', 2, '2', 13, '1983-10-28', '2010-02-21', 'ノンティー', NULL, '2013-12-08 13:14:15', '2013-12-08 13:14:15', 1),
(103, 22, '浦野一美', 2, '1', 11, '1985-10-23', '2010-04-16', 'CinDy', NULL, '2013-12-08 13:14:15', '2013-12-08 13:14:15', 1),
(104, 22, '小原春香', 2, '5', 34, '1988-04-12', '2010-04-16', '春ちゃん', NULL, '2013-12-08 13:14:15', '2013-12-08 13:14:15', 0),
(105, 22, '佐藤由加理', 2, '1', 22, '1988-11-22', '2010-05-27', 'ゆかりん', NULL, '2013-12-08 13:14:15', '2013-12-08 13:14:15', 0),
(106, 2, '小野恵令奈', 2, '2', 13, '1993-11-26', '2010-09-27', 'えれぴょん', NULL, '2013-12-08 13:14:15', '2013-12-08 13:14:15', 1),
(107, 2, '奥真奈美', 2, '2', 13, '1995-11-22', '2011-06-19', 'まぁちゃん', NULL, '2013-12-08 13:14:15', '2013-12-08 13:14:15', 1),
(108, 2, '森杏奈', 2, '9', 12, '1994-03-21', '2011-09-02', 'なんちゃん', NULL, '2013-12-08 13:14:15', '2013-12-08 13:14:16', 1),
(109, 2, '米泽瑠美', 2, '3', 11, '1991-06-06', '2012-02-05', 'よねちゃん', NULL, '2013-12-08 13:14:16', '2013-12-08 13:14:16', 1),
(110, 2, '平嶋夏海', 2, '1', 13, '1992-05-28', '2012-02-05', 'なっちゃん', NULL, '2013-12-08 13:14:16', '2013-12-08 13:14:16', 1),
(111, 2, '前田敦子', 2, '1', 12, '1991-07-10', '2012-08-27', 'あっちゃん', NULL, '2013-12-08 13:14:16', '2013-12-08 13:14:16', 1),
(112, 2, '光宗薫', 2, '13', 27, '1993-04-26', '2012-10-24', 'かおる', NULL, '2013-12-08 13:14:16', '2013-12-08 13:14:16', 1),
(113, 2, '佐藤夏希', 2, '2', 1, '1990-07-01', '2012-11-30', 'なっち', NULL, '2013-12-08 13:14:16', '2013-12-08 13:14:16', 1),
(114, 2, '增田有华', 2, '2', 27, '1991-08-03', '2012-12-17', 'ゆったん', NULL, '2013-12-08 13:14:16', '2013-12-08 13:14:16', 1),
(115, 2, '片野友里恵', 2, '6', 0, '1990-04-29', '2008-08-31', '', NULL, '2013-12-08 13:14:16', '2013-12-08 13:14:16', 0),
(116, 2, '石黒莉美', 2, '7', 0, '1991-05-23', '2009-01-16', '', NULL, '2013-12-08 13:14:16', '2013-12-08 13:14:17', 0),
(117, 2, '有马优茄', 2, '5', 14, '1991-02-18', '2009-01-19', 'ありゃま', NULL, '2013-12-08 13:14:17', '2013-12-08 13:14:17', 0),
(118, 2, '铃木菜绘', 2, '4', 1, '1992-12-18', '2009-01-19', 'ズッキー', NULL, '2013-12-08 13:14:17', '2013-12-08 13:14:17', 0),
(119, 2, '富田麻友', 2, '5', 37, '1993-01-25', '2009-01-19', 'まゆ', NULL, '2013-12-08 13:14:17', '2013-12-08 13:14:17', 0),
(120, 2, '畑山亚梨纱', 2, '5', 13, '1991-02-11', '2009-01-19', 'ありさ', NULL, '2013-12-08 13:14:17', '2013-12-08 13:14:17', 0),
(121, 2, '早乙女美树', 2, '3', 9, '1991-06-22', '2009-04-18', 'みきポム', NULL, '2013-12-08 13:14:17', '2013-12-08 13:14:17', 0),
(122, 2, '瓜屋茜', 2, '4', 14, '1992-08-24', '2009-04-26', 'あかね', NULL, '2013-12-08 13:14:17', '2013-12-08 13:14:17', 0),
(123, 2, '上远野瑞穗', 2, '7', 13, '1991-11-30', '2009-06-09', 'みーたん', NULL, '2013-12-08 13:14:17', '2013-12-08 13:14:17', 0),
(124, 2, '小松瑞希', 2, '8', 0, '0001-01-01', '2009-07-14', '', NULL, '2013-12-08 13:14:17', '2013-12-08 13:14:17', 0),
(125, 2, '林彩乃', 2, '7', 0, '1993-05-31', '2009-07-18', '', NULL, '2013-12-08 13:14:17', '2013-12-08 13:14:17', 0),
(126, 2, '西川七海', 2, '8', 0, '1993-07-03', '2009-07-25', '', NULL, '2013-12-08 13:14:17', '2013-12-08 13:14:17', 0),
(127, 2, '浅居圆', 2, '8', 25, '1991-07-28', '2009-12-04', 'まりん', NULL, '2013-12-08 13:14:17', '2013-12-08 13:14:17', 0),
(128, 2, '石井彩夏', 2, '8', 14, '1991-06-24', '2009-12-04', 'あやめろ', NULL, '2013-12-08 13:14:17', '2013-12-08 13:14:17', 0),
(129, 2, '石部郁', 2, '8', 19, '1991-02-06', '2009-12-04', 'あやにゃん', NULL, '2013-12-08 13:14:17', '2013-12-08 13:14:17', 0),
(130, 2, '郭グレース', 2, '8', 11, '1994-04-29', '2009-12-04', 'ぐーたん', NULL, '2013-12-08 13:14:17', '2013-12-08 13:14:18', 0),
(131, 2, '小水七海', 2, '8', 14, '1995-07-13', '2009-12-04', 'こみたん', NULL, '2013-12-08 13:14:18', '2013-12-08 13:14:18', 0),
(132, 2, '坂本莉央', 2, '8', 13, '1995-06-06', '2009-12-04', 'リオ', NULL, '2013-12-08 13:14:18', '2013-12-08 13:14:18', 0),
(133, 2, '杉山未来', 2, '8', 0, '1995-12-12', '2009-12-04', '', NULL, '2013-12-08 13:14:18', '2013-12-08 13:14:18', 0),
(134, 2, '富手麻妙', 2, '8', 14, '1994-03-17', '2009-12-04', 'まみょん', NULL, '2013-12-08 13:14:18', '2013-12-08 13:14:18', 0),
(135, 2, '三木にこる', 2, '8', 12, '1995-06-28', '2009-12-04', 'にこるん', NULL, '2013-12-08 13:14:18', '2013-12-08 13:14:18', 0),
(136, 2, '村中聪美', 2, '8', 12, '1988-06-05', '2009-12-04', 'さとみん', NULL, '2013-12-08 13:14:18', '2013-12-08 13:14:18', 0),
(137, 2, '伊藤彩夏', 2, '9', 0, '1993-06-21', '2010-01-06', '', NULL, '2013-12-08 13:14:18', '2013-12-08 13:14:18', 0),
(138, 2, '今井悠理枝', 2, '8', 0, '1994-04-30', '2010-02-01', '', NULL, '2013-12-08 13:14:18', '2013-12-08 13:14:18', 0),
(139, 2, '石黑贵己', 2, '9', 11, '1993-09-24', '2010-06-20', 'あっきー', NULL, '2013-12-08 13:14:18', '2013-12-08 13:14:18', 0),
(140, 2, '绢本桃子', 2, '9', 13, '1995-03-28', '2010-06-20', 'ももちん', NULL, '2013-12-08 13:14:18', '2013-12-08 13:14:18', 0),
(141, 2, '藤本纱罗', 2, '9', 13, '1997-03-23', '2010-06-20', 'おさら', NULL, '2013-12-08 13:14:18', '2013-12-08 13:14:18', 0),
(142, 2, '高松恵理', 2, '9', 0, '1992-12-25', '2010-06-20', '', NULL, '2013-12-08 13:14:18', '2013-12-08 13:14:18', 0),
(143, 2, '植木あさ香', 2, '8', 0, '1995-05-17', '2010-07-06', '', NULL, '2013-12-08 13:14:18', '2013-12-08 13:14:18', 0),
(144, 2, '岩崎仁美', 2, '10', 11, '1996-03-19', '2010-10-05', 'ひとみん', NULL, '2013-12-08 13:14:18', '2013-12-08 13:14:18', 0),
(145, 2, '佐野友里子', 2, '8', 13, '1992-01-22', '2010-10-05', 'ゆりりん', NULL, '2013-12-08 13:14:18', '2013-12-08 13:14:18', 0),
(146, 2, '丰田早姫', 2, '11', 0, '1993-09-08', '2010-10-23', '', NULL, '2013-12-08 13:14:18', '2013-12-08 13:14:19', 0),
(147, 2, '冈崎ちなみ', 2, '11', 0, '1992-05-28', '2010-10-27', '', NULL, '2013-12-08 13:14:19', '2013-12-08 13:14:19', 0),
(148, 2, '川上麻里奈', 2, '11', 0, '1996-05-21', '2010-12-03', '', NULL, '2013-12-08 13:14:19', '2013-12-08 13:14:19', 0),
(149, 2, '金沢有希', 2, '10', 1, '1993-05-01', '2011-02-20', 'ゆうちゃん', NULL, '2013-12-08 13:14:19', '2013-12-08 13:14:19', 0),
(150, 2, '牛洼纱良', 2, '11', 13, '1995-02-15', '2011-06-19', 'さらちゃん', NULL, '2013-12-08 13:14:19', '2013-12-08 13:14:19', 0),
(151, 2, '山口菜有', 2, '11', 14, '1994-01-19', '2011-06-19', 'なうちい', NULL, '2013-12-08 13:14:19', '2013-12-08 13:14:19', 0),
(152, 2, '铃木里香', 2, '12', 13, '1997-01-10', '2012-03-31', 'りかちゃん', NULL, '2013-12-08 13:14:19', '2013-12-08 13:14:19', 0),
(153, 2, '雨宫舞夏', 2, '13', 13, '1997-06-29', '2012-08-05', 'あめちゃん', NULL, '2013-12-08 13:14:19', '2013-12-08 13:14:19', 0),
(154, 2, '北汐莉', 2, '13', 28, '1998-12-01', '2012-08-05', 'しおりーぬ', NULL, '2013-12-08 13:14:19', '2013-12-08 13:14:19', 0),
(155, 2, '长谷川晴奈', 2, '13', 8, '1997-07-01', '2012-08-05', 'はせはる', NULL, '2013-12-08 13:14:19', '2013-12-08 13:14:19', 0),
(156, 2, '森山さくら', 2, '13', 13, '1998-04-14', '2012-08-05', 'さくら', NULL, '2013-12-08 13:14:19', '2013-12-08 13:14:19', 0),
(157, 2, '渡边宁宁', 2, '13', 7, '1998-01-30', '2012-08-05', 'ねねちゃん', NULL, '2013-12-08 13:14:19', '2013-12-08 13:14:19', 0),
(158, 2, '塞杜横田绘玲奈', 2, '12', 13, '1997-04-15', '2012-10-06', 'えれちゃん', NULL, '2013-12-08 13:14:19', '2013-12-08 13:14:19', 0),
(159, 9, '大矢真那', 3, '1', 23, '1990-11-06', '0001-01-01', 'まさにゃ', NULL, '2013-12-08 13:14:19', '2013-12-08 13:14:19', 1),
(160, 9, '加藤琉美', 3, '2', 21, '1995-03-09', '0001-01-01', 'るみ', NULL, '2013-12-08 13:14:19', '2013-12-08 13:14:19', 1),
(161, 9, '木崎尤利娅', 3, '3', 23, '1996-02-11', '0001-01-01', 'ゆりあ', NULL, '2013-12-08 13:14:19', '2013-12-08 13:14:19', 1),
(162, 9, '鬼头桃菜', 3, '2', 23, '1993-08-16', '0001-01-01', 'まま', NULL, '2013-12-08 13:14:19', '2013-12-08 13:14:20', 1),
(163, 9, '木下有希子', 3, '3', 23, '1993-12-20', '0001-01-01', 'ゆっこ', NULL, '2013-12-08 13:14:20', '2013-12-08 13:14:20', 1),
(164, 9, '桑原瑞希', 3, '1', 39, '1992-02-19', '0001-01-01', 'みずき', NULL, '2013-12-08 13:14:20', '2013-12-08 13:14:20', 1),
(165, 9, '菅奈奈子', 3, '5', 23, '1996-11-11', '0001-01-01', 'なんなん', NULL, '2013-12-08 13:14:20', '2013-12-08 13:14:20', 1),
(166, 9, '须田亚香里', 3, '3', 23, '1991-10-31', '0001-01-01', 'あかりん', NULL, '2013-12-08 13:14:20', '2013-12-08 13:14:20', 1),
(167, 9, '高田志织', 3, '1', 23, '1990-07-19', '0001-01-01', 'しーたん', NULL, '2013-12-08 13:14:20', '2013-12-08 13:14:20', 1),
(168, 9, '出口阳', 3, '1', 24, '1988-03-14', '0001-01-01', 'ぴっぴ', NULL, '2013-12-08 13:14:20', '2013-12-08 13:14:20', 1),
(169, 9, '中西优香', 2, '4', 23, '1989-01-24', '0001-01-01', 'チュンチュン', NULL, '2013-12-08 13:14:20', '2013-12-08 13:14:20', 1),
(170, 9, '平松可奈子', 3, '1', 23, '1991-11-14', '0001-01-01', 'かなかな', NULL, '2013-12-08 13:14:20', '2013-12-08 13:14:20', 1),
(171, 9, '松井珠理奈', 3, '1', 23, '1997-03-08', '0001-01-01', 'じゅりな', 4, '2013-12-08 13:14:20', '2013-12-08 13:14:20', 1),
(172, 9, '松井玲奈', 3, '1', 23, '1991-07-27', '0001-01-01', 'れな', NULL, '2013-12-08 13:14:20', '2013-12-08 13:14:20', 1),
(173, 9, '矢神久美', 3, '1', 23, '1994-06-13', '0001-01-01', 'くーみん', NULL, '2013-12-08 13:14:20', '2013-12-08 13:14:20', 1),
(174, 10, '赤枝里里奈', 3, '2', 23, '1996-07-03', '0001-01-01', 'りり', NULL, '2013-12-08 13:14:20', '2013-12-08 13:14:21', 1),
(175, 10, '阿比留李帆', 3, '2', 23, '1993-07-17', '0001-01-01', 'りほ', NULL, '2013-12-08 13:14:21', '2013-12-08 13:14:21', 1),
(176, 10, '石田安奈', 3, '2', 23, '1996-05-27', '0001-01-01', 'あんな', 5, '2013-12-08 13:14:21', '2013-12-08 13:14:21', 1),
(177, 10, '小木曽汐莉', 3, '3', 23, '1992-09-15', '0001-01-01', 'しおりん', NULL, '2013-12-08 13:14:21', '2013-12-08 13:14:21', 1),
(178, 10, '加藤智子', 3, '2', 23, '1987-04-28', '0001-01-01', 'モコ', NULL, '2013-12-08 13:14:21', '2013-12-08 13:14:21', 1),
(179, 10, '后藤理沙子', 3, '3', 23, '1997-05-29', '0001-01-01', 'りしゃこちゃん', NULL, '2013-12-08 13:14:21', '2013-12-08 13:14:21', 1),
(180, 10, '佐藤圣罗', 3, '1', 24, '1992-04-30', '0001-01-01', 'せぇ?ら', NULL, '2013-12-08 13:14:21', '2013-12-08 13:14:21', 1),
(181, 10, '佐藤实绘子', 3, '1', 23, '1986-06-24', '0001-01-01', '姉さん', NULL, '2013-12-08 13:14:21', '2013-12-08 13:14:21', 1),
(182, 10, '高柳明音', 3, '2', 23, '1991-11-29', '0001-01-01', 'ちゅり', NULL, '2013-12-08 13:14:21', '2013-12-08 13:14:21', 1),
(183, 10, '秦佐和子', 3, '3', 27, '1988-09-14', '0001-01-01', 'しゃわこ', NULL, '2013-12-08 13:14:21', '2013-12-08 13:14:21', 1),
(184, 10, '古川爱李', 3, '2', 23, '1989-12-13', '0001-01-01', 'あいりん', NULL, '2013-12-08 13:14:21', '2013-12-08 13:14:21', 1),
(185, 10, '松本梨奈', 3, '2', 23, '1993-09-03', '0001-01-01', 'りーな', NULL, '2013-12-08 13:14:21', '2013-12-08 13:14:21', 1),
(186, 10, '向田茉夏', 3, '2', 23, '1996-05-10', '0001-01-01', 'まなつ', NULL, '2013-12-08 13:14:21', '2013-12-08 13:14:21', 1),
(187, 10, '矢方美纪', 3, '3', 44, '1992-06-29', '0001-01-01', 'みき', NULL, '2013-12-08 13:14:21', '2013-12-08 13:14:21', 1),
(188, 10, '井口栞里', 3, '2', 24, '1995-03-29', '0001-01-01', 'イグッち', NULL, '2013-12-08 13:14:21', '2013-12-08 13:14:21', 1),
(189, 10, '山田澪花', 3, '2', 21, '1995-07-28', '0001-01-01', 'れいか', NULL, '2013-12-08 13:14:21', '2013-12-08 13:14:21', 1),
(190, 11, '矶原杏华', 3, '2', 23, '1996-08-08', '0001-01-01', 'きょん', NULL, '2013-12-08 13:14:22', '2013-12-08 13:14:22', 1),
(191, 11, '上野圭澄', 3, '3', 21, '1994-06-29', '0001-01-01', 'かっちゃん', NULL, '2013-12-08 13:14:22', '2013-12-08 13:14:22', 1),
(192, 11, '梅本圆', 3, '4', 23, '1992-07-17', '0001-01-01', 'うめちゃん', NULL, '2013-12-08 13:14:22', '2013-12-08 13:14:22', 1),
(193, 11, '金子栞', 3, '4', 11, '1995-06-13', '0001-01-01', 'きんちゃん', NULL, '2013-12-08 13:14:22', '2013-12-08 13:14:22', 1),
(194, 11, '木本花音', 3, '4', 23, '1997-08-11', '0001-01-01', 'のん', NULL, '2013-12-08 13:14:22', '2013-12-08 13:14:22', 1),
(195, 11, '小林亚实', 3, '4', 23, '1993-01-12', '0001-01-01', 'こあみ', NULL, '2013-12-08 13:14:22', '2013-12-08 13:14:22', 1),
(196, 11, '酒井萌衣', 3, '4', 23, '1997-12-13', '0001-01-01', 'めいめい', NULL, '2013-12-08 13:14:22', '2013-12-08 13:14:22', 1),
(197, 11, '柴田阿弥', 3, '4', 23, '1993-04-01', '0001-01-01', 'あや', NULL, '2013-12-08 13:14:22', '2013-12-08 13:14:22', 1),
(198, 11, '高木由麻奈', 3, '4', 23, '1993-08-23', '0001-01-01', 'ゆまな', NULL, '2013-12-08 13:14:22', '2013-12-08 13:14:22', 1),
(199, 11, '竹内舞', 3, '4', 24, '1993-08-31', '0001-01-01', '竹内せんぱい', NULL, '2013-12-08 13:14:22', '2013-12-08 13:14:22', 1),
(200, 11, '都筑里佳', 3, '4', 23, '1995-11-18', '0001-01-01', 'りかちゅう', NULL, '2013-12-08 13:14:22', '2013-12-08 13:14:22', 1),
(201, 11, '原望奈美', 3, '4', 23, '1995-12-24', '0001-01-01', 'みなぽん', NULL, '2013-12-08 13:14:22', '2013-12-08 13:14:22', 1),
(202, 11, '山下由加里', 3, '4', 23, '1996-03-12', '0001-01-01', 'ゆかぴ', NULL, '2013-12-08 13:14:22', '2013-12-08 13:14:22', 1),
(203, 11, '斉藤真木子', 3, '2', 27, '1994-06-28', '0001-01-01', 'まきこ', NULL, '2013-12-08 13:14:22', '2013-12-08 13:14:22', 1),
(204, 11, '古畑奈和', 3, '5', 23, '1996-09-15', '0001-01-01', 'なお', NULL, '2013-12-08 13:14:22', '2013-12-08 13:14:22', 1),
(205, 11, '内山命', 3, '2', 24, '1995-11-14', '0001-01-01', 'みこってぃ', NULL, '2013-12-08 13:14:22', '2013-12-08 13:14:22', 1),
(206, 12, '市野成美', 3, '5', 23, '1999-04-14', '0001-01-01', 'いちの　なるみ', NULL, '2013-12-08 13:14:22', '2013-12-08 13:14:23', 1),
(207, 12, '犬冢あさな', 3, '4', 23, '1994-03-19', '0001-01-01', 'わんちゃん', NULL, '2013-12-08 13:14:23', '2013-12-08 13:14:23', 1),
(208, 12, '岩永亚美', 3, '5', 21, '1994-05-10', '0001-01-01', 'つぐぽん', NULL, '2013-12-08 13:14:23', '2013-12-08 13:14:23', 1),
(209, 12, '江笼裕奈', 3, '5', 23, '2000-03-29', '0001-01-01', 'ゆうちゃん', NULL, '2013-12-08 13:14:23', '2013-12-08 13:14:23', 1),
(210, 12, '大脇有纱', 3, '5', 23, '1999-04-01', '0001-01-01', 'ありたん', NULL, '2013-12-08 13:14:23', '2013-12-08 13:14:23', 1),
(211, 12, '荻野利沙', 3, '5', 23, '1996-01-28', '0001-01-01', 'リサオー', NULL, '2013-12-08 13:14:23', '2013-12-08 13:14:23', 1),
(212, 12, '小林绘未梨', 3, '4', 23, '1994-04-14', '0001-01-01', 'えみりん', NULL, '2013-12-08 13:14:23', '2013-12-08 13:14:23', 1),
(213, 12, '新土居沙也加', 3, '5', 23, '1994-02-21', '0001-01-01', 'さや', NULL, '2013-12-08 13:14:23', '2013-12-08 13:14:23', 1),
(214, 12, '日置实希', 3, '5', 23, '1992-10-14', '0001-01-01', 'みきみき', NULL, '2013-12-08 13:14:23', '2013-12-08 13:14:23', 1),
(215, 12, '藤本美月', 3, '5', 23, '1995-09-21', '0001-01-01', 'みっきー', NULL, '2013-12-08 13:14:23', '2013-12-08 13:14:23', 1),
(216, 12, '二村春香', 3, '5', 23, '1996-05-14', '0001-01-01', 'はるたむ', NULL, '2013-12-08 13:14:23', '2013-12-08 13:14:23', 1),
(217, 12, '松村香织', 3, '3', 11, '1990-01-17', '0001-01-01', 'かおたん', NULL, '2013-12-08 13:14:23', '2013-12-08 13:14:23', 1),
(218, 12, '水埜帆乃香', 3, '4', 23, '1995-09-01', '0001-01-01', 'ほの', NULL, '2013-12-08 13:14:24', '2013-12-08 13:14:24', 1),
(219, 12, '宫前杏实', 3, '5', 23, '1997-09-09', '0001-01-01', 'あみ', NULL, '2013-12-08 13:14:24', '2013-12-08 13:14:24', 1),
(220, 12, '山田みずほ', 3, '5', 23, '1997-05-25', '0001-01-01', 'みずほ', NULL, '2013-12-08 13:14:24', '2013-12-08 13:14:24', 1),
(221, 12, '青木诗织', 3, '6', 22, '1996-04-22', '0001-01-01', 'おしりん', NULL, '2013-12-08 13:14:24', '2013-12-08 13:14:24', 1),
(222, 12, '东李苑', 3, '6', 1, '1996-11-13', '0001-01-01', 'アズマリオン', NULL, '2013-12-08 13:14:24', '2013-12-08 13:14:24', 1),
(223, 12, '井田玲音名', 3, '6', 24, '1998-12-03', '0001-01-01', 'れおな', NULL, '2013-12-08 13:14:24', '2013-12-08 13:14:24', 1),
(224, 12, '伊藤茜', 3, '6', 23, '1997-11-04', '0001-01-01', 'いとっちゃん', NULL, '2013-12-08 13:14:24', '2013-12-08 13:14:24', 1),
(225, 12, '折戸爱彩', 3, '6', 23, '1998-06-16', '0001-01-01', 'あーさ', NULL, '2013-12-08 13:14:24', '2013-12-08 13:14:24', 1),
(226, 12, '镰田菜月', 3, '6', 23, '1996-08-29', '0001-01-01', 'なっきぃ', NULL, '2013-12-08 13:14:24', '2013-12-08 13:14:24', 1),
(227, 12, '北川绫巴', 3, '6', 23, '1998-10-09', '0001-01-01', 'うは', NULL, '2013-12-08 13:14:25', '2013-12-08 13:14:25', 1),
(228, 12, '北野瑠华', 3, '6', 21, '1999-05-25', '0001-01-01', 'きっちゃん', NULL, '2013-12-08 13:14:25', '2013-12-08 13:14:25', 1),
(229, 12, '北原侑奈', 3, '6', 21, '1998-01-12', '0001-01-01', 'ゆぅゆ', NULL, '2013-12-08 13:14:25', '2013-12-08 13:14:25', 1),
(230, 12, '熊崎晴香', 3, '6', 23, '1997-08-10', '0001-01-01', 'くまちゃん', NULL, '2013-12-08 13:14:25', '2013-12-08 13:14:25', 1),
(231, 12, '后藤真由子', 3, '6', 23, '1996-05-31', '0001-01-01', 'まぁたん', NULL, '2013-12-08 13:14:25', '2013-12-08 13:14:25', 1),
(232, 12, '佐佐木柚香', 3, '6', 14, '1996-09-03', '0001-01-01', 'ゆっぴー', NULL, '2013-12-08 13:14:25', '2013-12-08 13:14:25', 1),
(233, 12, '空美夕日', 3, '6', 23, '1999-07-06', '0001-01-01', 'そらちゃん', NULL, '2013-12-08 13:14:25', '2013-12-08 13:14:25', 1),
(234, 12, '竹内彩姫', 3, '6', 23, '1999-11-24', '0001-01-01', 'さきぽん', NULL, '2013-12-08 13:14:25', '2013-12-08 13:14:25', 1),
(235, 12, '野口由芽', 3, '6', 23, '1998-04-17', '0001-01-01', 'ゆめち', NULL, '2013-12-08 13:14:25', '2013-12-08 13:14:25', 1),
(236, 12, '日高优月', 3, '6', 23, '1998-04-01', '0001-01-01', 'ゆづ', NULL, '2013-12-08 13:14:25', '2013-12-08 13:14:25', 1),
(237, 12, '矢野杏月', 3, '6', 21, '1996-11-30', '0001-01-01', 'アンビ', NULL, '2013-12-08 13:14:25', '2013-12-08 13:14:25', 1),
(238, 12, '山田树奈', 3, '6', 23, '1998-05-25', '0001-01-01', 'じゅな', NULL, '2013-12-08 13:14:25', '2013-12-08 13:14:25', 1),
(239, 12, '山本由香', 3, '6', 24, '1995-09-17', '0001-01-01', 'ゆかみ', NULL, '2013-12-08 13:14:25', '2013-12-08 13:14:25', 1),
(240, 9, '铃木きらら', 3, '1', 14, '1993-07-31', '2008-11-24', 'きらら', NULL, '2013-12-08 13:14:26', '2013-12-08 13:14:26', 1),
(241, 9, '高井つき奈', 3, '1', 23, '1995-07-06', '2009-08-31', 'つっきーな', NULL, '2013-12-08 13:14:26', '2013-12-08 13:14:26', 1),
(242, 9, '山下もえ', 3, '1', 23, '1992-10-27', '2009-12-25', 'もえもえ', NULL, '2013-12-08 13:14:26', '2013-12-08 13:14:26', 1),
(243, 10, '前田荣子', 3, '2', 28, '1986-02-25', '2009-11-29', 'えーこ', NULL, '2013-12-08 13:14:26', '2013-12-08 13:14:26', 1),
(244, 10, '市原佑梨', 3, '2', 23, '1987-05-15', '2009-11-30', 'ゆりりん', NULL, '2013-12-08 13:14:26', '2013-12-08 13:14:26', 1),
(245, 9, '松下唯', 3, '1', 40, '1988-07-25', '2011-09-29', 'ゆいみん', NULL, '2013-12-08 13:14:26', '2013-12-08 13:14:26', 1),
(246, 11, '中村优花', 3, '4', 23, '1997-07-04', '2011-12-31', '中村くん', NULL, '2013-12-08 13:14:26', '2013-12-08 13:14:26', 1),
(247, 11, '山田恵里伽', 3, '3', 21, '1995-12-26', '2012-03-31', 'えり', NULL, '2013-12-08 13:14:26', '2013-12-08 13:14:26', 1),
(248, 11, '间野春香', 3, '2', 23, '1995-04-27', '2012-03-31', 'はるるん', NULL, '2013-12-08 13:14:26', '2013-12-08 13:14:26', 1),
(249, 9, '小野晴香', 3, '1', 44, '1987-11-24', '2012-03-31', 'はるか', NULL, '2013-12-08 13:14:26', '2013-12-08 13:14:26', 1),
(250, 10, '若林伦香', 3, '2', 23, '1996-04-23', '2012-07-31', 'ともにゃん', NULL, '2013-12-08 13:14:26', '2013-12-08 13:14:26', 1),
(251, 9, '平田璃香子', 3, '1', 23, '1989-08-07', '2012-10-23', 'リッキー', NULL, '2013-12-08 13:14:26', '2013-12-08 13:14:26', 1),
(252, 12, '稻垣ほなみ', 3, '1', 23, '1989-03-25', '2009-04-30', 'ほな', NULL, '2013-12-08 13:14:26', '2013-12-08 13:14:26', 1),
(253, 12, '尾关きはる', 3, '1', 23, '1994-12-24', '2009-04-30', 'きはるん', NULL, '2013-12-08 13:14:27', '2013-12-08 13:14:27', 1),
(254, 12, '柴木爱子', 3, '1', 23, '1990-10-18', '2009-08-17', 'バッキー', NULL, '2013-12-08 13:14:27', '2013-12-08 13:14:27', 1),
(255, 12, '大岛风薰', 3, '2', 23, '1995-12-02', '2009-09-30', 'ふーか', NULL, '2013-12-08 13:14:27', '2013-12-08 13:14:27', 1),
(256, 12, '林星香', 3, '2', 23, '1996-11-21', '2009-09-30', 'バンビ', NULL, '2013-12-08 13:14:27', '2013-12-08 13:14:27', 1),
(257, 12, '前川爱佳', 3, '1', 23, '1997-03-11', '2009-09-30', 'あいか', NULL, '2013-12-08 13:14:27', '2013-12-08 13:14:27', 1),
(258, 12, '桥本あゆみ', 3, '2', 18, '1989-02-05', '2009-11-30', 'あゆ', NULL, '2013-12-08 13:14:27', '2013-12-08 13:14:27', 1),
(259, 12, '柳瀬爱子', 3, '3', 27, '1993-05-18', '2009-12-09', '​', NULL, '2013-12-08 13:14:27', '2013-12-08 13:14:27', 1),
(260, 12, '新海里奈', 3, '1', 23, '1992-08-01', '2010-05-08', 'りなっち', NULL, '2013-12-08 13:14:27', '2013-12-08 13:14:27', 1),
(261, 12, '半田礼音', 3, '3', 22, '1993-01-18', '2010-05-08', 'あちゅ', NULL, '2013-12-08 13:14:27', '2013-12-08 13:14:27', 1),
(262, 12, '森纱雪', 3, '1', 23, '1996-11-03', '2010-05-08', 'さゆ', NULL, '2013-12-08 13:14:27', '2013-12-08 13:14:27', 1),
(263, 12, '野野山茉琳', 3, '4', 23, '1994-01-31', '2011-02-23', 'まりんちゃん', NULL, '2013-12-08 13:14:27', '2013-12-08 13:14:27', 1),
(264, 12, '今出舞', 3, '3', 27, '1993-06-12', '2012-05-31', 'いまで', NULL, '2013-12-08 13:14:27', '2013-12-08 13:14:27', 1),
(265, 12, '宫脇理子', 4, '6', 23, '1995-08-18', '2013-03-11', 'りいめろ', NULL, '2013-12-08 13:14:27', '2013-12-08 13:14:27', 1),
(266, 14, '小笠原茉由', 4, '13', 27, '1994-04-11', '0001-01-01', 'まーちゅん', NULL, '2013-12-08 13:14:27', '2013-12-08 13:14:27', 1),
(267, 14, '门脇佳奈子', 4, '12', 27, '1996-10-24', '0001-01-01', 'かなきち', NULL, '2013-12-08 13:14:27', '2013-12-08 13:14:27', 1),
(268, 14, '岸野里香', 4, '11', 28, '1994-06-04', '0001-01-01', 'りかにゃん', NULL, '2013-12-08 13:14:27', '2013-12-08 13:14:27', 1),
(269, 14, '木下春奈', 4, '10', 27, '1998-06-09', '0001-01-01', 'はる', NULL, '2013-12-08 13:14:27', '2013-12-08 13:14:28', 1),
(270, 14, '小谷里步', 4, '9', 26, '1994-08-24', '0001-01-01', 'りほほ', 3, '2013-12-08 13:14:28', '2013-12-08 13:14:28', 1),
(271, 14, '近藤里奈', 4, '8', 25, '1997-02-23', '0001-01-01', 'りぃちゃん', NULL, '2013-12-08 13:14:28', '2013-12-08 13:14:28', 1),
(272, 14, '篠原栞那', 4, '7', 28, '1997-09-22', '0001-01-01', 'かんちる', NULL, '2013-12-08 13:14:28', '2013-12-08 13:14:28', 1),
(273, 14, '上西恵', 4, '6', 25, '1995-03-18', '0001-01-01', 'けいっち', NULL, '2013-12-08 13:14:28', '2013-12-08 13:14:28', 1),
(274, 14, '白间美瑠', 4, '5', 27, '1997-10-14', '0001-01-01', 'みるるん', NULL, '2013-12-08 13:14:28', '2013-12-08 13:14:28', 1),
(275, 14, '福本爱菜', 4, '4', 29, '1993-03-25', '0001-01-01', 'あいにゃん', NULL, '2013-12-08 13:14:28', '2013-12-08 13:14:28', 1),
(276, 14, '山口夕辉', 4, '3', 27, '1993-10-17', '0001-01-01', 'ゆっぴ', NULL, '2013-12-08 13:14:28', '2013-12-08 13:14:28', 1),
(277, 14, '山田菜菜', 4, '2', 27, '1992-04-03', '0001-01-01', 'ななたん', NULL, '2013-12-08 13:14:28', '2013-12-08 13:14:28', 1),
(278, 14, '山本彩', 4, '1', 27, '1993-07-14', '0001-01-01', 'さやか', NULL, '2013-12-08 13:14:28', '2013-12-08 13:14:28', 1),
(279, 14, '吉田朱里', 4, '0', 27, '1996-08-16', '0001-01-01', 'アカリン', NULL, '2013-12-08 13:14:28', '2013-12-08 13:14:28', 1),
(280, 14, '渡边美优纪', 4, '1', 29, '1993-09-19', '0001-01-01', 'みるきー', 5, '2013-12-08 13:14:28', '2013-12-08 13:14:28', 1),
(281, 15, '东由树', 4, '2', 28, '1996-02-17', '0001-01-01', 'ゆきゆき', NULL, '2013-12-08 13:14:28', '2013-12-08 13:14:28', 1),
(282, 15, '冲田彩华', 4, '1', 34, '1995-10-11', '0001-01-01', 'あ～ぽん', NULL, '2013-12-08 13:14:28', '2013-12-08 13:14:28', 1),
(283, 15, '川上礼奈', 4, '1', 37, '1995-09-16', '0001-01-01', 'れなぴょん', NULL, '2013-12-08 13:14:28', '2013-12-08 13:14:28', 1),
(284, 15, '木下百花', 4, '1', 28, '1997-02-06', '0001-01-01', 'きのした', NULL, '2013-12-08 13:14:28', '2013-12-08 13:14:29', 1),
(285, 15, '小柳有沙', 4, '1', 28, '1995-04-28', '0001-01-01', 'ありぃ', NULL, '2013-12-08 13:14:29', '2013-12-08 13:14:29', 1),
(286, 15, '岛田玲奈', 4, '2', 27, '1993-08-05', '0001-01-01', 'しまれな', NULL, '2013-12-08 13:14:29', '2013-12-08 13:14:29', 1),
(287, 15, '高野佑衣', 4, '2', 27, '1993-12-06', '0001-01-01', 'ゆいぽん', NULL, '2013-12-08 13:14:29', '2013-12-08 13:14:29', 1),
(288, 15, '谷川爱梨', 4, '2', 27, '1995-12-05', '0001-01-01', 'あいり', NULL, '2013-12-08 13:14:29', '2013-12-08 13:14:29', 1),
(289, 15, '三田麻央', 4, '2', 27, '1995-09-09', '0001-01-01', 'まおきゅん', NULL, '2013-12-08 13:14:29', '2013-12-08 13:14:29', 1),
(290, 15, '村上文香', 4, '2', 28, '1993-06-02', '0001-01-01', 'あやちゃん', NULL, '2013-12-08 13:14:29', '2013-12-08 13:14:29', 1),
(291, 15, '村瀬纱英', 4, '2', 27, '1997-03-30', '0001-01-01', 'さえぴぃ', NULL, '2013-12-08 13:14:29', '2013-12-08 13:14:29', 1),
(292, 15, '矢仓枫子', 4, '2', 27, '1997-02-24', '0001-01-01', 'ふぅちゃん', NULL, '2013-12-08 13:14:29', '2013-12-08 13:14:29', 1),
(293, 15, '山岸奈津美', 4, '1', 27, '1994-09-16', '0001-01-01', 'なつみん', NULL, '2013-12-08 13:14:29', '2013-12-08 13:14:29', 1),
(294, 15, '山本瞳', 4, '2', 27, '1998-11-08', '0001-01-01', 'ひとみん', NULL, '2013-12-08 13:14:29', '2013-12-08 13:14:29', 1),
(295, 15, '与仪凯拉', 4, '2', 27, '1999-10-18', '0001-01-01', 'ケイラ', NULL, '2013-12-08 13:14:29', '2013-12-08 13:14:29', 1),
(296, 16, '赤泽萌乃', 4, '3', 27, '1997-01-29', '0001-01-01', 'ほのり', NULL, '2013-12-08 13:14:29', '2013-12-08 13:14:29', 1),
(297, 16, '石冢朱莉', 4, '3', 12, '1997-07-11', '0001-01-01', 'あんちゅ', NULL, '2013-12-08 13:14:29', '2013-12-08 13:14:29', 1),
(298, 16, '井尻晏菜', 4, '3', 26, '1995-01-20', '0001-01-01', 'あんたん', NULL, '2013-12-08 13:14:29', '2013-12-08 13:14:30', 1),
(299, 16, '植田碧丽', 4, '3', 28, '1999-02-02', '0001-01-01', 'みーれ', NULL, '2013-12-08 13:14:30', '2013-12-08 13:14:30', 1),
(300, 16, '梅原真子', 4, '3', 26, '1999-01-11', '0001-01-01', 'まこぽん', NULL, '2013-12-08 13:14:30', '2013-12-08 13:14:30', 1),
(301, 16, '太田梦莉', 4, '3', 29, '1999-12-01', '0001-01-01', 'ゆーり', NULL, '2013-12-08 13:14:30', '2013-12-08 13:14:30', 1),
(302, 16, '加藤夕夏', 4, '3', 27, '1997-08-01', '0001-01-01', 'うーか', NULL, '2013-12-08 13:14:30', '2013-12-08 13:14:30', 1),
(303, 16, '上枝恵美加', 4, '3', 27, '1994-07-13', '0001-01-01', 'えみち', NULL, '2013-12-08 13:14:30', '2013-12-08 13:14:30', 1),
(304, 16, '日下このみ', 4, '3', 27, '1996-01-12', '0001-01-01', 'このみん', NULL, '2013-12-08 13:14:30', '2013-12-08 13:14:30', 1),
(305, 16, '久代梨奈', 4, '3', 27, '1999-01-29', '0001-01-01', 'りなっち', NULL, '2013-12-08 13:14:30', '2013-12-08 13:14:30', 1),
(306, 16, '黒川叶月', 4, '3', 27, '1998-08-05', '0001-01-01', 'はーこ', NULL, '2013-12-08 13:14:30', '2013-12-08 13:14:30', 1),
(307, 16, '河野早纪', 4, '3', 34, '1994-06-18', '0001-01-01', 'さきぴ', NULL, '2013-12-08 13:14:30', '2013-12-08 13:14:30', 1),
(308, 16, '小林莉加子', 4, '3', 27, '1996-05-24', '0001-01-01', 'りっぴー', NULL, '2013-12-08 13:14:30', '2013-12-08 13:14:30', 1),
(309, 16, '室加奈子', 4, '3', 27, '1996-11-20', '0001-01-01', 'むろかな', NULL, '2013-12-08 13:14:30', '2013-12-08 13:14:30', 1),
(310, 16, '薮下柊', 4, '3', 27, '1998-12-02', '0001-01-01', 'しゅう', NULL, '2013-12-08 13:14:30', '2013-12-08 13:14:30', 1),
(311, 16, '山内翼', 4, '3', 27, '2000-06-06', '0001-01-01', 'ちゅば', NULL, '2013-12-08 13:14:30', '2013-12-08 13:14:30', 1),
(312, 17, '石田优美', 4, '2', 28, '1998-10-12', '0001-01-01', 'ゆうみん', NULL, '2013-12-08 13:14:30', '2013-12-08 13:14:30', 1),
(313, 17, '鹈野みずき', 4, '2', 29, '1996-10-23', '0001-01-01', 'みぃき', NULL, '2013-12-08 13:14:31', '2013-12-08 13:14:31', 1),
(314, 17, '古贺成美', 4, '2', 27, '1998-03-30', '0001-01-01', 'なる', NULL, '2013-12-08 13:14:31', '2013-12-08 13:14:31', 1),
(315, 17, '高山梨子', 4, '3', 27, '2000-01-12', '0001-01-01', 'たかりこ', NULL, '2013-12-08 13:14:31', '2013-12-08 13:14:31', 1),
(316, 17, '中川紘美', 4, '2', 27, '1994-11-19', '0001-01-01', 'ひろりん', NULL, '2013-12-08 13:14:31', '2013-12-08 13:14:31', 1),
(317, 17, '西泽瑠莉奈', 4, '2', 27, '1999-07-27', '0001-01-01', 'るりりん', NULL, '2013-12-08 13:14:31', '2013-12-08 13:14:31', 1),
(318, 17, '林萌萌香', 4, '2', 26, '1998-09-11', '0001-01-01', 'もか', NULL, '2013-12-08 13:14:31', '2013-12-08 13:14:31', 1),
(319, 17, '三浦亚莉沙', 4, '3', 28, '1996-07-20', '0001-01-01', 'ありりん', NULL, '2013-12-08 13:14:31', '2013-12-08 13:14:31', 1),
(320, 17, '明石奈津子', 4, '4', 27, '1999-08-17', '0001-01-01', '​', NULL, '2013-12-08 13:14:31', '2013-12-08 13:14:31', 1),
(321, 17, '石原雅子', 4, '4', 27, '1995-09-12', '0001-01-01', '​', NULL, '2013-12-08 13:14:31', '2013-12-08 13:14:31', 1),
(322, 17, '大段舞依', 4, '4', 28, '1994-10-04', '0001-01-01', '​', NULL, '2013-12-08 13:14:31', '2013-12-08 13:14:31', 1),
(323, 17, '小川乃爱', 4, '4', 27, '1999-05-29', '0001-01-01', '​', NULL, '2013-12-08 13:14:31', '2013-12-08 13:14:31', 1),
(324, 17, '川上千寻', 4, '4', 27, '1998-12-17', '0001-01-01', '​', NULL, '2013-12-08 13:14:32', '2013-12-08 13:14:32', 1),
(325, 17, '涩谷凪咲', 4, '4', 27, '1996-08-25', '0001-01-01', '​', NULL, '2013-12-08 13:14:32', '2013-12-08 13:14:32', 1),
(326, 17, '嶋崎百萌香', 4, '4', 27, '2001-02-08', '0001-01-01', '​', NULL, '2013-12-08 13:14:32', '2013-12-08 13:14:32', 1),
(327, 17, '照井穗乃佳', 4, '4', 27, '1998-10-18', '0001-01-01', '​', NULL, '2013-12-08 13:14:32', '2013-12-08 13:14:32', 1),
(328, 17, '中野丽来', 4, '4', 29, '1999-08-24', '0001-01-01', '​', NULL, '2013-12-08 13:14:32', '2013-12-08 13:14:32', 1),
(329, 17, '西村爱华', 4, '4', 26, '1998-01-12', '0001-01-01', '​', NULL, '2013-12-08 13:14:32', '2013-12-08 13:14:32', 1),
(330, 17, '松冈知穗', 4, '4', 27, '1998-04-21', '0001-01-01', '​', NULL, '2013-12-08 13:14:32', '2013-12-08 13:14:32', 1),
(331, 17, '松村芽久未', 4, '4', 27, '1995-06-26', '0001-01-01', '​', NULL, '2013-12-08 13:14:32', '2013-12-08 13:14:32', 1),
(332, 17, '森田彩花', 4, '4', 28, '1995-05-29', '0001-01-01', '​', NULL, '2013-12-08 13:14:32', '2013-12-08 13:14:32', 1),
(333, 17, '山尾梨奈', 4, '4', 26, '1995-12-10', '0001-01-01', '​', NULL, '2013-12-08 13:14:33', '2013-12-08 13:14:33', 1),
(334, 14, '森彩华', 4, '1', 27, '1996-05-23', '2011-06-25', 'あーにゃん', NULL, '2013-12-08 13:14:33', '2013-12-08 13:14:33', 1),
(335, 15, '小鹰狩佑香', 4, '2', 27, '1997-08-05', '2012-05-06', 'ゆうゆう', NULL, '2013-12-08 13:14:33', '2013-12-08 13:14:33', 1),
(336, 15, '城恵理子', 4, '2', 28, '1998-11-27', '2012-09-28', 'ジョー', NULL, '2013-12-08 13:14:33', '2013-12-08 13:14:33', 1),
(337, 15, '藤田留奈', 4, '2', 27, '1997-11-25', '2012-10-03', 'るーたん', NULL, '2013-12-08 13:14:33', '2013-12-08 13:14:33', 1),
(338, 15, '太田里织菜', 4, '1', 21, '1996-12-31', '2012-10-04', 'りおな', NULL, '2013-12-08 13:14:33', '2013-12-08 13:14:33', 1),
(339, 14, '松田栞', 4, '1', 27, '1995-06-18', '2012-10-18', 'しおきち', NULL, '2013-12-08 13:14:33', '2013-12-08 13:14:33', 1),
(340, 15, '肥川彩爱', 4, '1', 28, '1994-11-08', '2012-12-13', 'あやにゃん', NULL, '2013-12-08 13:14:33', '2013-12-08 13:14:33', 1),
(341, 17, '山内彩花', 4, '1', 27, '1994-10-17', '2010-11-05', 'あや', NULL, '2013-12-08 13:14:33', '2013-12-08 13:14:33', 1),
(342, 17, '泷山あかね', 4, '2', 28, '1994-05-10', '2012-01-15', 'ねっち', NULL, '2013-12-08 13:14:33', '2013-12-08 13:14:33', 1),
(343, 17, '大谷莉子', 4, '2', 29, '1996-12-11', '2012-01-15', 'りこぴん', NULL, '2013-12-08 13:14:34', '2013-12-08 13:14:34', 1),
(344, 17, '冈田梨纱子', 4, '2', 27, '1995-10-28', '2012-02-18', 'りさぽよ', NULL, '2013-12-08 13:14:34', '2013-12-08 13:14:34', 1),
(345, 17, '原みづき', 4, '1', 28, '1997-08-19', '2012-04-28', 'みづき', NULL, '2013-12-08 13:14:34', '2013-12-08 13:14:34', 1),
(346, 17, '石川こころ', 4, '3', 27, '1998-02-19', '2012-04-28', 'こころん', NULL, '2013-12-08 13:14:34', '2013-12-08 13:14:34', 1),
(347, 17, '佐佐木七海', 4, '3', 27, '1998-09-26', '2012-07-07', 'ななみん', NULL, '2013-12-08 13:14:34', '2013-12-08 13:14:34', 1),
(348, 17, '东乡青空', 4, '3', 28, '1998-09-21', '2012-10-11', '​', NULL, '2013-12-08 13:14:34', '2013-12-08 13:14:34', 1),
(349, 17, '杉本香乃', 4, '3', 26, '1997-11-11', '2012-12-06', 'のの', NULL, '2013-12-08 13:14:34', '2013-12-08 13:14:34', 1),
(350, 17, '佐藤天彩', 4, '2', 27, '1998-07-04', '2012-12-13', 'そらい', NULL, '2013-12-08 13:14:34', '2013-12-08 13:14:34', 1),
(351, 17, '杉野莉沙', 4, '4', 27, '1995-05-26', '2013-02-21', 'りさ', NULL, '2013-12-08 13:14:34', '2013-12-08 13:14:34', 1),
(352, 17, '广瀬圣七', 4, '4', 27, '1998-01-04', '2013-02-21', 'せな', NULL, '2013-12-08 13:14:34', '2013-12-08 13:14:34', 1),
(353, 17, '久田莉子', 4, '3', 23, '1997-10-11', '2013-02-21', 'りこりん', NULL, '2013-12-08 13:14:34', '2013-12-08 13:14:34', 1),
(354, 19, '穴井千寻', 5, '1', 40, '1996-01-27', '0001-01-01', 'ちひろん', NULL, '2013-12-08 13:14:34', '2013-12-08 13:14:34', 1),
(355, 19, '植木南央', 5, '1', 40, '1997-08-12', '0001-01-01', 'なお', NULL, '2013-12-08 13:14:34', '2013-12-08 13:14:34', 1),
(356, 19, '熊沢世莉奈', 5, '1', 40, '1997-04-17', '0001-01-01', 'せりーぬ', NULL, '2013-12-08 13:14:34', '2013-12-08 13:14:34', 1),
(357, 19, '儿玉遥', 5, '1', 40, '1996-09-19', '0001-01-01', 'はるっぴ', NULL, '2013-12-08 13:14:34', '2013-12-08 13:14:35', 1),
(358, 19, '指原莉乃', 2, '5', 44, '1992-11-21', '0001-01-01', 'さしこ', NULL, '2013-12-08 13:14:35', '2013-12-08 13:14:35', 1),
(359, 19, '下野由贵', 5, '1', 40, '1998-04-02', '0001-01-01', 'しなもん', NULL, '2013-12-08 13:14:35', '2013-12-08 13:14:35', 1),
(360, 19, '田中菜津美', 5, '1', 40, '2000-08-10', '0001-01-01', 'なつみかん', NULL, '2013-12-08 13:14:35', '2013-12-08 13:14:35', 1),
(361, 19, '中西智代梨', 5, '1', 40, '1995-05-12', '0001-01-01', 'ちょり', NULL, '2013-12-08 13:14:35', '2013-12-08 13:14:35', 1),
(362, 19, '松冈菜摘', 5, '1', 40, '1996-08-08', '0001-01-01', 'なつ', NULL, '2013-12-08 13:14:35', '2013-12-08 13:14:35', 1),
(363, 19, '宫脇咲良', 5, '1', 46, '1998-03-19', '0001-01-01', 'さくら', NULL, '2013-12-08 13:14:35', '2013-12-08 13:14:35', 1),
(364, 19, '村重杏奈', 5, '1', 35, '1998-07-29', '0001-01-01', 'あーにゃ', NULL, '2013-12-08 13:14:35', '2013-12-08 13:14:35', 1),
(365, 19, '本村碧唯', 5, '1', 40, '1997-05-31', '0001-01-01', 'あおい', NULL, '2013-12-08 13:14:35', '2013-12-08 13:14:35', 1),
(366, 19, '森保圆', 5, '1', 42, '1997-07-26', '0001-01-01', 'まどか', NULL, '2013-12-08 13:14:35', '2013-12-08 13:14:35', 1),
(367, 19, '若田部遥', 5, '1', 40, '1998-09-26', '0001-01-01', 'わかはる', NULL, '2013-12-08 13:14:35', '2013-12-08 13:14:35', 1),
(368, 19, '多田爱佳', 2, '3', 0, '1994-12-08', '0001-01-01', 'らぶたん', NULL, '2013-12-08 13:14:35', '2013-12-08 13:14:35', 1),
(369, 21, '秋吉优花', 5, '2', 40, '2000-10-24', '0001-01-01', 'ゆかちゃん', NULL, '2013-12-08 13:14:36', '2013-12-08 13:14:36', 1),
(370, 21, '安陪恭加', 5, '1', 40, '1997-07-17', '0001-01-01', 'きょうか', NULL, '2013-12-08 13:14:36', '2013-12-08 13:14:36', 1),
(371, 21, '伊藤来笑', 5, '2', 38, '1998-10-31', '0001-01-01', 'らいら', NULL, '2013-12-08 13:14:36', '2013-12-08 13:14:36', 1);
INSERT INTO `memberinfo_memberinfo` (`mid`, `team_id`, `name`, `grade_group_id`, `grade_num`, `comefrom`, `birthday`, `graduate`, `description`, `bothin_id`, `createtime`, `edittime`, `state`) VALUES
(372, 21, '井上由莉耶', 5, '2', 40, '1999-06-15', '0001-01-01', 'ゆりや', NULL, '2013-12-08 13:14:36', '2013-12-08 13:14:36', 1),
(373, 21, '今田美奈', 5, '1', 40, '1997-03-05', '0001-01-01', 'みなぞう', NULL, '2013-12-08 13:14:36', '2013-12-08 13:14:36', 1),
(374, 21, '岩花诗乃', 5, '2', 40, '2000-04-01', '0001-01-01', 'しの', NULL, '2013-12-08 13:14:36', '2013-12-08 13:14:36', 1),
(375, 21, '宇井真白', 5, '2', 40, '2000-01-31', '0001-01-01', 'ましろ', NULL, '2013-12-08 13:14:36', '2013-12-08 13:14:36', 1),
(376, 21, '上野遥', 5, '2', 40, '1999-09-20', '0001-01-01', 'はるたん', NULL, '2013-12-08 13:14:36', '2013-12-08 13:14:36', 1),
(377, 21, '梅本泉', 5, '2', 40, '1997-05-15', '0001-01-01', 'ちぃず', NULL, '2013-12-08 13:14:36', '2013-12-08 13:14:36', 1),
(378, 21, '冈田栞奈', 5, '2', 40, '1997-06-26', '0001-01-01', 'おかぱん', NULL, '2013-12-08 13:14:36', '2013-12-08 13:14:36', 1),
(379, 21, '冈本尚子', 5, '2', 40, '1996-04-04', '0001-01-01', 'なおぽん', NULL, '2013-12-08 13:14:36', '2013-12-08 13:14:36', 1),
(380, 21, '草场爱', 5, '2', 40, '1995-10-17', '0001-01-01', 'まなみん', NULL, '2013-12-08 13:14:36', '2013-12-08 13:14:36', 1),
(381, 21, '神志那结衣', 5, '2', 40, '1998-01-24', '0001-01-01', 'じーな', NULL, '2013-12-08 13:14:36', '2013-12-08 13:14:37', 1),
(382, 21, '后藤泉', 5, '2', 40, '1997-09-27', '0001-01-01', 'いーちゃん', NULL, '2013-12-08 13:14:37', '2013-12-08 13:14:37', 1),
(383, 21, '驹田京伽', 5, '2', 45, '0001-01-01', '0001-01-01', 'ぴーちゃん', NULL, '2013-12-08 13:14:37', '2013-12-08 13:14:37', 1),
(384, 21, '坂口理子', 5, '2', 40, '1994-07-26', '0001-01-01', 'りこぴ', NULL, '2013-12-08 13:14:37', '2013-12-08 13:14:37', 1),
(385, 21, '田岛芽瑠', 5, '2', 40, '2000-07-07', '0001-01-01', 'める', NULL, '2013-12-08 13:14:37', '2013-12-08 13:14:37', 1),
(386, 21, '田中优香', 5, '2', 40, '2000-06-07', '0001-01-01', 'ゆうたん', NULL, '2013-12-08 13:14:37', '2013-12-08 13:14:37', 1),
(387, 21, '谷真理佳', 5, '2', 40, '1996-01-05', '0001-01-01', 'まりか', NULL, '2013-12-08 13:14:37', '2013-12-08 13:14:37', 1),
(388, 21, '冨吉明日香', 5, '2', 45, '1997-09-20', '0001-01-01', 'あすか', NULL, '2013-12-08 13:14:37', '2013-12-08 13:14:37', 1),
(389, 21, '朝长美桜', 5, '2', 40, '1998-05-17', '0001-01-01', 'みお', NULL, '2013-12-08 13:14:37', '2013-12-08 13:14:37', 1),
(390, 21, '深川舞子', 5, '1', 40, '1999-07-05', '0001-01-01', 'まいこむ', NULL, '2013-12-08 13:14:37', '2013-12-08 13:14:37', 1),
(391, 21, '渕上舞', 5, '2', 40, '1996-09-21', '0001-01-01', 'まいちゃん', NULL, '2013-12-08 13:14:37', '2013-12-08 13:14:37', 1),
(392, 21, '山田麻莉奈', 5, '2', 40, '1995-03-24', '0001-01-01', 'まりり', NULL, '2013-12-08 13:14:37', '2013-12-08 13:14:37', 1),
(393, 19, '古森结衣', 5, '1', 35, '1997-12-02', '2012-08-18', 'ゆい', NULL, '2013-12-08 13:14:37', '2013-12-08 13:14:37', 1),
(394, 19, '菅本裕子', 5, '1', 40, '1994-05-20', '2012-08-18', 'ゆうこす', NULL, '2013-12-08 13:14:37', '2013-12-08 13:14:37', 1),
(395, 19, '谷口爱理', 5, '1', 40, '1999-03-14', '2012-08-18', 'あいりす', NULL, '2013-12-08 13:14:37', '2013-12-08 13:14:38', 1),
(396, 21, '江藤彩也香', 5, '1', 44, '1997-09-09', '2012-08-18', 'さあやん', NULL, '2013-12-08 13:14:38', '2013-12-08 13:14:38', 1),
(397, 21, '仲西彩佳', 5, '1', 40, '1996-03-23', '2012-08-18', 'あやきゃんまん', NULL, '2013-12-08 13:14:38', '2013-12-08 13:14:38', 1);

-- --------------------------------------------------------

--
-- 表的结构 `memberinfo_memberinfoedition`
--

CREATE TABLE IF NOT EXISTS `memberinfo_memberinfoedition` (
  `id` int(11) NOT NULL AUTO_INCREMENT,
  `mid_id` int(11) NOT NULL,
  `uid_id` int(11) NOT NULL,
  `team_id` int(11) NOT NULL,
  `name` varchar(32) NOT NULL,
  `grade_group_id` int(11) NOT NULL,
  `grade_num` varchar(4) NOT NULL,
  `comefrom` int(11) NOT NULL,
  `birthday` date NOT NULL,
  `graduate` date NOT NULL,
  `createtime` datetime NOT NULL,
  `state` int(11) NOT NULL,
  PRIMARY KEY (`id`),
  KEY `memberinfo_memberinfoedition_4b72d7bd` (`mid_id`),
  KEY `memberinfo_memberinfoedition_2600da4b` (`uid_id`),
  KEY `memberinfo_memberinfoedition_30753b9` (`team_id`),
  KEY `memberinfo_memberinfoedition_3b8ce97e` (`grade_group_id`)
) ENGINE=InnoDB DEFAULT CHARSET=utf8 AUTO_INCREMENT=1 ;

-- --------------------------------------------------------

--
-- 表的结构 `memberinfo_team`
--

CREATE TABLE IF NOT EXISTS `memberinfo_team` (
  `id` int(11) NOT NULL AUTO_INCREMENT,
  `group_id` int(11) NOT NULL,
  `teamname` varchar(8) NOT NULL,
  `founded` date NOT NULL,
  `description` longtext NOT NULL,
  `createtime` datetime NOT NULL,
  `edittime` datetime NOT NULL,
  PRIMARY KEY (`id`),
  KEY `memberinfo_team_425ae3c4` (`group_id`)
) ENGINE=InnoDB  DEFAULT CHARSET=utf8 AUTO_INCREMENT=36 ;

--
-- 转存表中的数据 `memberinfo_team`
--

INSERT INTO `memberinfo_team` (`id`, `group_id`, `teamname`, `founded`, `description`, `createtime`, `edittime`) VALUES
(1, 10, 'Unknown', '2013-12-08', '', '2013-12-08 11:53:33', '2013-12-08 11:53:33'),
(2, 2, 'Unknown', '2013-12-08', '', '2013-12-08 11:55:24', '2013-12-08 11:55:57'),
(3, 2, 'A', '2005-12-05', '', '2013-12-08 11:55:47', '2013-12-08 12:00:53'),
(4, 2, 'K', '2006-02-26', '', '2013-12-08 11:56:39', '2013-12-08 12:00:29'),
(5, 2, 'B', '2007-04-08', '实际上是06年10月就成立了 见 http://stage48.net/wiki/index.php/History:_Team_4 但是具体哪一天不清楚 待查', '2013-12-08 11:57:15', '2013-12-08 12:14:36'),
(6, 2, '4', '2011-06-06', '', '2013-12-08 12:12:41', '2013-12-08 12:12:41'),
(7, 2, '研究生', '2005-12-08', '', '2013-12-08 12:14:00', '2013-12-08 12:25:18'),
(8, 3, 'Unknown', '2013-12-08', '', '2013-12-08 12:15:44', '2013-12-08 12:26:00'),
(9, 3, 'S', '2008-10-05', '', '2013-12-08 12:16:25', '2013-12-08 12:26:47'),
(10, 3, 'KII', '2009-05-25', '', '2013-12-08 12:17:04', '2013-12-08 12:27:16'),
(11, 3, 'E', '2010-12-06', '', '2013-12-08 12:18:33', '2013-12-08 12:28:14'),
(12, 3, '研究生', '2008-07-30', '', '2013-12-08 12:18:59', '2013-12-08 12:32:28'),
(13, 4, 'Unknown', '2013-12-08', '', '2013-12-08 12:19:47', '2013-12-08 12:31:22'),
(14, 4, 'N', '2011-03-10', '', '2013-12-08 12:23:07', '2013-12-08 12:31:08'),
(15, 4, 'M', '2012-01-26', '', '2013-12-08 12:23:28', '2013-12-08 12:30:36'),
(16, 4, 'BII', '2012-10-10', '', '2013-12-08 12:23:58', '2013-12-08 12:30:08'),
(17, 4, '研究生', '2010-10-09', '', '2013-12-08 12:32:52', '2013-12-08 12:32:52'),
(18, 5, 'Unknown', '2013-12-08', '', '2013-12-08 12:34:06', '2013-12-08 12:34:32'),
(19, 5, 'H', '2012-03-04', '', '2013-12-08 12:34:24', '2013-12-08 12:34:24'),
(20, 5, 'KIII', '2013-06-25', '', '2013-12-08 12:35:07', '2013-12-08 12:35:07'),
(21, 5, '研究生', '2011-10-23', '', '2013-12-08 12:35:46', '2013-12-08 12:35:46'),
(22, 7, 'Unknown', '2013-12-08', '', '2013-12-08 12:36:31', '2013-12-08 12:36:31'),
(23, 7, '一期生', '2009-08-01', '', '2013-12-08 12:36:49', '2013-12-08 12:36:49'),
(24, 7, '二期生', '2009-08-01', '', '2013-12-08 12:37:02', '2013-12-08 12:37:02'),
(25, 7, '三期生', '2009-08-01', '', '2013-12-08 12:37:42', '2013-12-08 12:37:42'),
(26, 8, 'Unknown', '2013-12-08', '', '2013-12-08 12:39:46', '2013-12-08 12:40:21'),
(27, 8, 'J', '2012-12-23', '', '2013-12-08 12:40:12', '2013-12-08 12:40:12'),
(28, 8, 'KIII', '2013-06-25', '', '2013-12-08 12:41:02', '2013-12-08 12:41:02'),
(29, 8, '研究生', '2011-11-03', '', '2013-12-08 12:41:48', '2013-12-08 12:41:48'),
(30, 9, 'Unknown', '2013-11-11', '', '2013-12-08 12:43:02', '2013-12-08 12:43:51'),
(31, 9, 'SII', '2013-11-11', '', '2013-12-08 12:43:16', '2013-12-08 12:50:50'),
(32, 9, 'NII', '2013-11-11', '', '2013-12-08 12:43:34', '2013-12-08 12:43:34'),
(33, 9, '研究生', '2012-10-14', '', '2013-12-08 12:45:19', '2013-12-08 12:45:19'),
(34, 6, 'Unknown', '2013-12-08', '', '2013-12-08 12:46:44', '2013-12-08 12:46:44'),
(35, 6, ' ', '2011-08-22', '', '2013-12-08 12:47:13', '2013-12-08 12:47:13');

-- --------------------------------------------------------

--
-- 表的结构 `quizlist`
--

CREATE TABLE IF NOT EXISTS `quizlist` (
  `id` int(11) NOT NULL AUTO_INCREMENT,
  `author_id` int(11) DEFAULT NULL,
  `author_text` varchar(32) NOT NULL,
  `question` varchar(200) NOT NULL,
  `answer` varchar(50) NOT NULL,
  `wrong_1` varchar(50) NOT NULL,
  `wrong_2` varchar(50) NOT NULL,
  `wrong_3` varchar(50) NOT NULL,
  `difficulty` int(11) NOT NULL,
  `createtime` datetime NOT NULL,
  `edittime` datetime NOT NULL,
  `state` int(11) NOT NULL,
  PRIMARY KEY (`id`),
  KEY `quizlist_337b96ff` (`author_id`)
) ENGINE=InnoDB  DEFAULT CHARSET=utf8 AUTO_INCREMENT=319 ;

--
-- 转存表中的数据 `quizlist`
--

INSERT INTO `quizlist` (`id`, `author_id`, `author_text`, `question`, `answer`, `wrong_1`, `wrong_2`, `wrong_3`, `difficulty`, `createtime`, `edittime`, `state`) VALUES
(1, NULL, 'babybear', '前田敦子的生日是哪一天?', '1991年7月10日', '1991年8月10日', '1991年7月11日', '1991年8月11日', 0, '2013-12-08 13:13:28', '2013-12-08 13:13:28', 1),
(2, NULL, 'babybear', '前田敦子的昵称中那个是错误的?', '前田酱', '啊酱', '吃货', 'あっちゃん', 0, '2013-12-08 13:13:28', '2013-12-08 13:13:29', 1),
(3, NULL, 'babybear', '以下哪句话不是前田敦子说的？', '“千变万化的全方位艺人”', '“我已经决定把自己的一生奉献给AKB” ', '“就算讨厌我，也请不要讨厌AKB” ', '“人生的一半是早饭”', 0, '2013-12-08 13:13:29', '2013-12-08 13:13:29', 1),
(4, NULL, 'babybear', '篠田麻里子是几期生?', '1.5期生', '1期生', '2期生', '2.5期生', 0, '2013-12-08 13:13:29', '2013-12-08 13:13:29', 1),
(5, NULL, 'babybear', '佐藤亚美菜是几期生?', '4', '3', '5', '6', 0, '2013-12-08 13:13:29', '2013-12-08 13:13:29', 1),
(6, NULL, 'amina', '全部成员均姓佐藤，在演唱会的MC时结成的临时组合叫什么？', 'sugar', 'tagar', 'bagar', 'sogar', 0, '2013-12-08 13:13:29', '2013-12-08 13:13:29', 1),
(7, NULL, 'amina', 'AKB唯一一张不能公开发售，只能以网络配信方式发行的单曲叫什么？', 'baby!baby!baby!', 'lady!lady!lady!', 'lucky!lucky!lucky!', 'Daring!Daring!Daring!', 0, '2013-12-08 13:13:29', '2013-12-08 13:13:29', 1),
(8, NULL, 'amina', 'AKB48首个地上波冠名番组叫什么?', 'AKB1时59分', '周刊AKB	', 'AKB和××', 'AKB48+10!', 0, '2013-12-08 13:13:29', '2013-12-08 13:13:29', 1),
(9, NULL, 'amina', 'AKB的姐妹团SKE48结成后,作为代表首次在AKBINGO!中登场的两位成员是:', '松井珠理奈和大矢真那', '松井珠理奈和松井玲奈', '松井珠理奈和矢神久美', '松井玲奈和大矢真那', 0, '2013-12-08 13:13:29', '2013-12-08 13:13:29', 1),
(10, NULL, '熊不知道C', '一期生的舞蹈老师是谁？', '夏まゆみ', '牧野安娜', 'TERUYA老师', '金八老师', 0, '2013-12-08 13:13:29', '2013-12-08 13:13:29', 1),
(11, NULL, '熊不知道C', 'AKB史上连续选拔次数最多的成员进入选拔多少次？', '28次', '27次', '26次', '29次', 0, '2013-12-08 13:13:29', '2013-12-08 13:13:29', 1),
(12, NULL, '熊不知道C', '本部哪支队伍第一次初日满员？', 'Team K', 'Team B', 'Team 4', 'TeamA', 0, '2013-12-08 13:13:29', '2013-12-08 13:13:30', 1),
(13, NULL, '熊不知道C', 'AKB史上连续选拔次数最多的成员是谁？', '小嶋阳菜', '前田敦子', '篠田麻里子', '渡边麻友', 0, '2013-12-08 13:13:30', '2013-12-08 13:13:30', 1),
(14, NULL, '熊不知道C', 'AKB48于哪支单曲首次获得oricon首位？', '14th River', '13rd 言い訳Maybe', '13rd River', '18th Beginner', 0, '2013-12-08 13:13:30', '2013-12-08 13:13:30', 1),
(15, NULL, '熊不知道C', '秋元才加辞去Team K队长是在哪个节目上？', 'All Night Nippon', 'AKBingo', 'ネ申TV', 'AKBと××!', 0, '2013-12-08 13:13:30', '2013-12-08 13:13:30', 1),
(16, NULL, '熊不知道C', '因311地震取消的演唱会地点？', '横滨', '广岛', '大阪', '仙台', 0, '2013-12-08 13:13:30', '2013-12-08 13:13:30', 1),
(17, NULL, '熊不知道C', '人称“妖单”的Heavy Rotation在K歌点唱榜上连续多少周冠军？', '48周', '46周', '50周', '47周', 0, '2013-12-08 13:13:30', '2013-12-08 13:13:30', 1),
(18, NULL, '熊不知道C', 'Heavy Rotation在K歌点唱榜上的连续记录被哪首歌取代？', 'Flying Get', 'Everyday、カチューシャ', '上からマリコ', 'GIVE ME FIVE!', 0, '2013-12-08 13:13:30', '2013-12-08 13:13:30', 1),
(19, NULL, '熊不知道C', '横山由依曾参加过SKE48的X期生甄选落选？', '2期', '3期', '4期', '1期', 0, '2013-12-08 13:13:30', '2013-12-08 13:13:30', 1),
(20, NULL, '熊不知道C', 'AKB48第一次演唱会在什么地点？', '日本青年馆', '国立代代木竞技场第一体育馆', '埼玉super arena', 'TOKYO DOME CITY HALL', 0, '2013-12-08 13:13:30', '2013-12-08 13:13:30', 1),
(21, NULL, '熊不知道C', '前三位发行solo唱片的成员是？', '大岛麻衣、大堀惠、板野友美', '大堀惠、板野友美、前田敦子', '前田敦子、大岛麻衣、板野友美 ', '前田敦子、大岛麻衣、板野友美', 0, '2013-12-08 13:13:30', '2013-12-08 13:13:31', 1),
(22, NULL, '熊不知道C', '前田敦子首次主演的日剧是？', '栞と纸鱼子の怪奇事件簿', 'Q10', '太阳与海的教室', '真假学园', 0, '2013-12-08 13:13:31', '2013-12-08 13:13:31', 1),
(23, NULL, '熊不知道C', '首次在公演上获得solo unit的成员是？', '大岛优子', '大岛麻衣', '松井玲奈', '前田敦子', 0, '2013-12-08 13:13:31', '2013-12-08 13:13:31', 1),
(24, NULL, '熊不知道C', '与AKB48剧场初日一天生日的三名成员是？', '多田爱佳、横山由依、山内铃兰', '多田爱佳、岛田晴香、山内铃兰', '横山由依、岩佐美咲、山内铃兰', '多田爱佳、横山由依、岛田晴香', 0, '2013-12-08 13:13:31', '2013-12-08 13:13:31', 1),
(25, NULL, '熊不知道C', '第一个出身福冈县的48系成员是？', '篠田麻里子', '仓持明日香', '渡边麻友', '大岛优子', 0, '2013-12-08 13:13:31', '2013-12-08 13:13:31', 1),
(26, NULL, '熊不知道C', '第一位发行solo写真的成员是？', '篠田麻里子', '小嶋阳菜', '前田敦子', '板野友美', 0, '2013-12-08 13:13:31', '2013-12-08 13:13:31', 1),
(27, NULL, '熊不知道C', '梅田彩佳喜欢的味道是？', '自己的袜子的味道', '包装纸的味道', '内脏锅的香味', '花香', 0, '2013-12-08 13:13:31', '2013-12-08 13:13:31', 1),
(28, NULL, '熊不知道C', '山田菜菜的弟弟是？', '中山优马', '山田优马', '中山群马', '山田群马', 0, '2013-12-08 13:13:31', '2013-12-08 13:13:31', 1),
(29, NULL, '熊不知道C', 'NMB48首次公开在哪场演唱会上？', '東京秋祭', '满座祭希望 横滨Arena演唱会', '没有惊喜 代代木演唱会', '大家一起上 in西武巨蛋 ', 0, '2013-12-08 13:13:31', '2013-12-08 13:13:31', 1),
(30, NULL, '熊不知道C', '在自己的生诞祭上宣布毕业的成员是？', '平田璃香子', '松下唯', '今出舞', '小野晴香', 0, '2013-12-08 13:13:31', '2013-12-08 13:13:32', 1),
(31, NULL, '熊不知道C', '仁藤萌乃的书道为X段？', '5段', '4段', '6段', '3段', 0, '2013-12-08 13:13:32', '2013-12-08 13:13:32', 1),
(32, NULL, '熊不知道C', '2010年深夜剧《あり得ない!》哪个小分队的成员全部出演？', 'DiVA', 'no3b', 'Not yet', 'French Kiss', 0, '2013-12-08 13:13:32', '2013-12-08 13:13:32', 1),
(33, NULL, '熊不知道C', '大岛优子高中时期在乐队中担任什么乐器？', '贝斯', '吉他', '鼓', '键盘', 0, '2013-12-08 13:13:32', '2013-12-08 13:13:32', 1),
(34, NULL, '熊不知道C', '宫崎美穗的昵称”喵“是谁取的？', '大岛优子', '大岛麻衣', '米泽瑠美', '北原里英', 0, '2013-12-08 13:13:32', '2013-12-08 13:13:32', 1),
(35, NULL, '熊不知道C', 'SKE48 Request Hour Set List Best 50 2011的举办场地？', '名古屋Century Hall', '赤坂BLITZ', 'Zepp名古屋', 'Diamond Hall', 0, '2013-12-08 13:13:32', '2013-12-08 13:13:32', 1),
(36, NULL, '熊不知道C', '与大分出身的指原莉乃同一中学的SKE48成员是？', '小野晴香', '小木曽汐莉', '桑原みずき', '石田安奈', 0, '2013-12-08 13:13:32', '2013-12-08 13:13:32', 1),
(37, NULL, '熊不知道C', '松嶋 めぐみ是哪名成员的前艺名？', '大堀惠', '芹那', '浦野一美', '野吕佳代', 0, '2013-12-08 13:13:32', '2013-12-08 13:13:32', 1),
(38, NULL, '熊不知道C', '田名部生来的出身地？', '滋贺县', '佐贺县', '三重县', '奈良县', 0, '2013-12-08 13:13:32', '2013-12-08 13:13:32', 1),
(39, NULL, '熊不知道C', '27th总选举，64名圈内成员中哪个县出身的成员最多？', '爱知县', '东京都', '千叶县', '琦玉县', 0, '2013-12-08 13:13:32', '2013-12-08 13:13:33', 1),
(40, NULL, '熊不知道C', '中西优香和出口阳曾经是AKB48的几期？', '4期', '3期', '5期', '6期', 0, '2013-12-08 13:13:33', '2013-12-08 13:13:33', 1),
(41, NULL, '熊不知道C', '截至2012年10月，Team S没有SKE的几期成员？', '4期', '3期', '2期', '5期', 0, '2013-12-08 13:13:33', '2013-12-08 13:13:33', 1),
(42, NULL, '熊不知道C', 'SKE第一名升格的研究生是？', '平松可奈子', '木崎尤利娅', '阿比留李帆', '秦佐和子', 0, '2013-12-08 13:13:33', '2013-12-08 13:13:33', 1),
(43, NULL, '熊不知道C', '2010年神TV的SKE48學院修學旅行去了哪里？', '奈良', '京都', '北海道', '爱知', 0, '2013-12-08 13:13:33', '2013-12-08 13:13:33', 1),
(44, NULL, '熊不知道C', '截至2012年，AKB中出身东北地区的成员？', '岩田华怜、仲谷明香', '小嶋阳菜、仲谷明香', '仲谷明香、仲川遥香', '岩田华怜、仲谷明香、仲川遥香', 0, '2013-12-08 13:13:33', '2013-12-08 13:13:33', 1),
(45, NULL, '熊不知道C', '大岛优子的兔子叫什么名字？', 'Hip', 'Hop', 'Ruby', 'Candy', 0, '2013-12-08 13:13:33', '2013-12-08 13:13:33', 1),
(46, NULL, '熊不知道C', '除了渡边麻友，米泽瑠美还给谁取过昵称？', '岛崎遥香', '岛田晴香', '横山由依', '山内铃兰', 0, '2013-12-08 13:13:33', '2013-12-08 13:13:33', 1),
(47, NULL, '熊不知道C', '神公演预定是哪三名成员的毕业公演？', '大岛麻衣、川崎希、早野薰', '星野满、大岛麻衣、川崎希', '星野满、川崎希、早野薰', '大岛麻衣、川崎希、戸岛花', 0, '2013-12-08 13:13:33', '2013-12-08 13:13:33', 1),
(48, NULL, '熊不知道C', '松井咲子就读的大学？', '东京音乐大学', '东京女子音乐大学', '东京女子大学', '早稻田大学', 0, '2013-12-08 13:13:33', '2013-12-08 13:13:34', 1),
(49, NULL, '熊不知道C', '纳豆天使1号是哪名成员？', '宫崎美穗', '板野友美', '河西智美', '高城亚树', 0, '2013-12-08 13:13:34', '2013-12-08 13:13:34', 1),
(50, NULL, '熊不知道C', '与NMB48最年长的山田菜菜同一天出生的是？', '大场美奈', '近野 莉菜', '小笠原 茉由', '仲川遥香', 0, '2013-12-08 13:13:34', '2013-12-08 13:13:34', 1),
(51, NULL, '熊不知道C', '2011年SKE48的全国巡演标题是？', '盛夏的上方修正（真夏の上方修正）', '不是一般的出汗量（汗の量はハンパじゃない ）', '只希望坐满 褒贬再说（満席祭り希望 賛否両论）', '初次课外补习（初めての课外授业）', 0, '2013-12-08 13:13:34', '2013-12-08 13:13:34', 1),
(52, NULL, '熊不知道C', '因公演上生唱大声钻石而出名的成员是？', '北原里英', '松井珠理奈', '指原莉乃', '宫泽佐江', 0, '2013-12-08 13:13:34', '2013-12-08 13:13:34', 1),
(53, NULL, '熊不知道C', '山本彩入NMB之前的乐队名称？', 'Mad Catz', 'Mad Ratz', 'Crazy Catz', 'Crazy Ratz', 0, '2013-12-08 13:13:34', '2013-12-08 13:13:34', 1),
(54, NULL, '熊不知道C', 'SKE48 Request Hour Set List Best 30上惊喜出演的成员是？', '松下唯', '今出舞', '间野春香', '若林伦香', 0, '2013-12-08 13:13:34', '2013-12-08 13:13:35', 1),
(55, NULL, '熊不知道C', 'wota4的成员？', '多田爱佳、田名部生来、仲谷明香、渡辺麻友', '多田爱佳、岛田晴香、仲谷明香、渡辺麻友', '多田爱佳、指原莉乃、田名部生来、渡辺麻友', '多田爱佳、指原莉乃、仲谷明香、田名部生来', 0, '2013-12-08 13:13:35', '2013-12-08 13:13:35', 1),
(56, NULL, '熊不知道C', '目前以自己名字冠名演唱会和巡演的成员？（取消的不算）', '野中美乡、片山阳加', '片山阳加、宫崎美穗', '前田敦子、片山阳加', '前田敦子、野中美乡', 0, '2013-12-08 13:13:35', '2013-12-08 13:13:35', 1),
(57, NULL, '熊不知道C', '前田敦子分别与哪两名成员是中学和高中同学？', '仲谷明香、仲川遥香', '仲谷明香、中田千智', '仲川遥香、中田千智', '仲川遥香、藤江丽奈', 0, '2013-12-08 13:13:35', '2013-12-08 13:13:35', 1),
(58, NULL, '熊不知道C', '秋元才加恢复Team K队长是因为？', '完成东京马拉松', '观察期间表现良好', '饭的强烈反映', '肥秋的独断专行', 0, '2013-12-08 13:13:35', '2013-12-08 13:13:35', 1),
(59, NULL, '熊不知道C', 'SKE48第二支单曲青空片想い中进入选拔的研究生是？', '小木曾汐莉、木下有希子', '小木曾汐莉、高柳明音', '木下有希子、高柳明音', '向田茉夏、木下有希子', 0, '2013-12-08 13:13:35', '2013-12-08 13:13:35', 1),
(60, NULL, '佐佐木夏川', '公演出场次数最多的成员?', '平嶋夏海', '前田敦子', '大岛优子', '秋元才加', 0, '2013-12-08 13:13:35', '2013-12-08 13:13:35', 1),
(61, NULL, '佐佐木夏川', '升格时间最短的妹子是谁？', '高城亚树', '峯岸南', '北原里英', '指原丽乃', 0, '2013-12-08 13:13:35', '2013-12-08 13:13:36', 1),
(62, NULL, '佐佐木夏川', '已经升格中的妹子 升格时间最长的妹子是谁？', '大家志津香', '岩佐美咲', '松原夏海', '铃木玛利亚', 0, '2013-12-08 13:13:36', '2013-12-08 13:13:36', 1),
(63, NULL, '佐佐木夏川', 'akb第一次的海外演出是在哪一年，由哪个队参加了什么活动', '2007年 TB', '2008年 TA', '2010年 全TOP', '2007年 全体', 0, '2013-12-08 13:13:36', '2013-12-08 13:13:36', 1),
(64, NULL, '佐佐木夏川', '在东京秋祭拿的大奖的是谁', '岩佐美咲  增田有华', '柏木由纪 渡边麻友', '小森美果  佐藤堇', '前田敦子 大岛优子', 0, '2013-12-08 13:13:36', '2013-12-08 13:13:36', 1),
(65, NULL, '佐佐木夏川', 'TEAM B的double tower是哪两只', '佐藤堇 铃木紫帆里', '增田有华 北原里英', '柏木由纪 渡边麻友', '铃木玛利亚 小森美果', 0, '2013-12-08 13:13:36', '2013-12-08 13:13:36', 1),
(66, NULL, '佐佐木夏川', '谁曾经在节目中对高桥南 连说5次 矮子？', '小森美果', '前田敦子', '渡边麻友', '岩佐美咲', 0, '2013-12-08 13:13:37', '2013-12-08 13:13:37', 1),
(67, NULL, '佐佐木夏川', '市川美织最爱吃的东西是什么?', '腰果', '柠檬', '大饼', '奶茶', 0, '2013-12-08 13:13:37', '2013-12-08 13:13:37', 1),
(68, NULL, '佐佐木夏川', 'AKB48 春のちょっとだけ全国ツアー ～まだまだだぜAKB48是谁代替了受伤的大岛优子出演？', '柏木由纪', '平嶋夏海', '渡边麻友', '前田敦子', 0, '2013-12-08 13:13:37', '2013-12-08 13:13:37', 1),
(69, NULL, '佐佐木夏川', '2010年代代木演唱会 谁宣布了毕业？', '小野恵令奈', '岩佐美咲', '大岛麻衣', '折井步', 0, '2013-12-08 13:13:37', '2013-12-08 13:13:37', 1),
(70, NULL, '佐佐木夏川', 'akb第一次演唱会是在哪举办的？', '日本青年馆', '代代木体育场', 'AKB剧场', '日本东京小巨蛋', 0, '2013-12-08 13:13:37', '2013-12-08 13:13:37', 1),
(71, NULL, '佐佐木夏川', 'akb第一次演唱会叫什么名字？', '爱她干她，柱子没有了哟', '“神公演予定”～因诸多因素、也有可能无法成为神公演、望体谅', '没有惊喜', 'tokyo dome 的 Dream', 0, '2013-12-08 13:13:37', '2013-12-08 13:13:37', 1),
(72, NULL, '佐佐木夏川', 'akb第一次演唱会共几只队伍参加？', 'TA TK', 'TB TA', 'TA TB', 'TA', 0, '2013-12-08 13:13:37', '2013-12-08 13:13:37', 1),
(73, NULL, '佐佐木夏川', '日本东京巨蛋演唱会的宣传片有哪位成员参与？', '高桥南', '大岛优子', '前田敦子', '渡边麻友', 0, '2013-12-08 13:13:37', '2013-12-08 13:13:37', 1),
(74, NULL, '佐佐木夏川', '1830的由来？', 'AKB剧场到日本东京巨蛋的直线距离', 'AKB自组建起1830天纪念日', '148.5个高桥南', '1830年法国大革命', 0, '2013-12-08 13:13:37', '2013-12-08 13:13:38', 1),
(75, NULL, '佐佐木夏川', '被成员认为是TeamB里番长的是哪位成员？', '平嶋夏海', '渡边麻友', '增田有华', '河西智美', 0, '2013-12-08 13:13:38', '2013-12-08 13:13:38', 1),
(76, NULL, '佐佐木夏川', '秋元才加是因为哪件事情选择了辞去队长职务', '留宿时间', '大头贴', '外出联谊', '醉酒', 0, '2013-12-08 13:13:38', '2013-12-08 13:13:38', 1),
(77, NULL, '佐佐木夏川', 'AKB第一个被辞退是谁', '上村彩子', '折井步', '大岛麻衣', '宇佐美由纪', 0, '2013-12-08 13:13:38', '2013-12-08 13:13:38', 1),
(78, NULL, '佐佐木夏川', 'AKB第一个毕业是谁', '宇佐美由纪', '折井步', '大岛麻衣', '松原夏海', 0, '2013-12-08 13:13:38', '2013-12-08 13:13:38', 1),
(79, NULL, '佐佐木夏川', 'AKB48第一个卒业的是宇佐美由纪，她在队待了多长时间？', '3个月', '一年', '1天', '1周', 0, '2013-12-08 13:13:38', '2013-12-08 13:13:38', 1),
(80, NULL, '佐佐木夏川', 'AKB的歌曲共有几种语言的版本', '6', '3', '4', '5', 0, '2013-12-08 13:13:38', '2013-12-08 13:13:38', 1),
(81, NULL, '佐佐木夏川', '哪个妹子是第一个作为研究生就事务所移籍的', '小原春香', '近野莉菜', '佐藤堇', '铃木玛利亚', 0, '2013-12-08 13:13:38', '2013-12-08 13:13:38', 1),
(82, NULL, '佐佐木夏川', 'AKB48的理念', '可以面对面的偶像', '可以做女朋友的偶像', '可以成为的偶像', '可以成为朋友的偶像', 0, '2013-12-08 13:13:38', '2013-12-08 13:13:38', 1),
(83, NULL, '佐佐木夏川', '谁没有参与美国公演却跟着去了美国', '河西智美', '渡边麻友', '前田敦子', '松原夏海', 0, '2013-12-08 13:13:38', '2013-12-08 13:13:38', 1),
(84, NULL, '佐佐木夏川', '以下哪位没有参加过兵乓球部', '河西智美', '高桥南', '秋元才加', '小野恵令奈', 0, '2013-12-08 13:13:39', '2013-12-08 13:13:39', 1),
(85, NULL, '佐佐木夏川', '《会呼吸的钢琴》是哪位成员的首张音乐专辑', '松井咲子', '河西智美', '近野莉菜', '佐藤堇', 0, '2013-12-08 13:13:39', '2013-12-08 13:13:39', 1),
(86, NULL, '佐佐木夏川', '业务连络。拜托了，片山部长！什么意思？', '埼玉超级竞技场演唱会的主题', '片山阳加成为部长了', '又有新的企划了。', '秋元康的恶搞', 0, '2013-12-08 13:13:39', '2013-12-08 13:13:39', 1),
(87, NULL, '佐佐木夏川', '魔法广播 是哪个团体的番组', 'SKE48', 'AKB48', 'NMB48', 'HKT48', 0, '2013-12-08 13:13:39', '2013-12-08 13:13:39', 1),
(88, NULL, '佐佐木夏川', '唱Blue Rose唯一一个踢话筒踢失误的人是谁', '河西智美', '渡边麻友', '秋元才加', '松原夏海', 0, '2013-12-08 13:13:39', '2013-12-08 13:13:39', 1),
(89, NULL, '佐佐木夏川', '佐伯坐着唱呆毛泪是哪两场', '神公演预定和2009年AX', '2008年AX和2009年AX', '没有惊喜和AX2008', 'AX2009和AX2010', 0, '2013-12-08 13:13:39', '2013-12-08 13:13:39', 1),
(90, NULL, '佐佐木夏川', 'AKB48中哪位成员最年少升格', '大岛凉花', '岩田华怜', '藤江丽奈', '多田爱佳', 0, '2013-12-08 13:13:39', '2013-12-08 13:13:40', 1),
(91, NULL, '佐佐木夏川', '大岛优子的特技是？', '鬼脸', '和玉玉一起做PP手势', '发呆', '搞怪', 0, '2013-12-08 13:13:40', '2013-12-08 13:13:40', 1),
(92, NULL, '佐佐木夏川', '大家志津香的特技是什么？', '能开快艇并持有相关执照', '发呆', '搞怪', '鬼脸', 0, '2013-12-08 13:13:40', '2013-12-08 13:13:40', 1),
(93, NULL, '佐佐木夏川', 'AKB48中唯一 一个在周刊AKB中出过 拯救计划的妹子是', '大家志津香', '河西智美', '岩佐美咲', '近野莉菜', 0, '2013-12-08 13:13:40', '2013-12-08 13:13:40', 1),
(94, NULL, '佐佐木夏川', 'AX(TDC)历史上唯一并列的两首歌是哪一年？', 'AX2011', 'AX2012', 'AX2010', 'AX2009和AX2010', 0, '2013-12-08 13:13:40', '2013-12-08 13:13:40', 1),
(95, NULL, '佐佐木夏川', '月别是从什么时候开始的', '2009年7月', '2009年8月', '2009年9月', '2009年12月', 0, '2013-12-08 13:13:40', '2013-12-08 13:13:40', 1),
(96, NULL, '佐佐木夏川', 'AKB48举行第一次握手会的起因', '舞台设备故障', '剧场公演取消', '为了答谢观众', '听取观众意见', 0, '2013-12-08 13:13:40', '2013-12-08 13:13:40', 1),
(97, NULL, '佐佐木夏川', 'AKB48举行第一次握手会参加的成员', '初代元A', '大岛麻衣，高桥南，前田敦子', '大岛麻衣，前田敦子', '大岛麻衣，高桥南', 0, '2013-12-08 13:13:40', '2013-12-08 13:13:40', 1),
(98, NULL, '佐佐木夏川', 'AKB48举行第一次握手会的福利', '合影', '击掌', '成员制作的饭团', '拥抱', 0, '2013-12-08 13:13:40', '2013-12-08 13:13:40', 1),
(99, NULL, '佐佐木夏川', 'AKB48举行第一次握手会的时间', '051216', '051228', '051208', '051211', 0, '2013-12-08 13:13:40', '2013-12-08 13:13:40', 1),
(100, NULL, '佐佐木夏川', '在akb1时59分中，啊酱以展板的形式参加，那第二个以展板形式参加的人是谁', '高田纯次', '毛利忍', '佐田正树', '横沟清人', 0, '2013-12-08 13:13:40', '2013-12-08 13:13:41', 1),
(101, NULL, '佐佐木夏川', '大沟清人和飞机头（佐田正树）的组合名称叫什么', 'bad boys', '飞机头组合', '搞怪二人组', 'good boys', 0, '2013-12-08 13:13:41', '2013-12-08 13:13:41', 1),
(102, NULL, '佐佐木夏川', 'AKB48自己番组最早的一个主题是什么', 'AKB1时59分，第一个主题是AKB48变天狗', 'AKB1时59分，第一个主题是AKB48与饭', 'AKB0时59分，第一个主题是AKB48与早安', 'AKB0时59分，第一个主题是AKB48与偶像', 0, '2013-12-08 13:13:41', '2013-12-08 13:13:41', 1),
(103, NULL, '佐佐木夏川', '091009期 周刊AKB中谁期中考试最后一名', '矢神久美', '小林香菜', '小森美果', '木崎尤利娅', 0, '2013-12-08 13:13:41', '2013-12-08 13:13:41', 1),
(104, NULL, '佐佐木夏川', '柏木由纪喜欢的数字', '14', '17', '16', '15', 0, '2013-12-08 13:13:41', '2013-12-08 13:13:41', 1),
(105, NULL, '佐佐木夏川', '谁是第一届总选的第一', '前田敦子', '大岛优子', '柏木由纪', '渡边麻友', 0, '2013-12-08 13:13:41', '2013-12-08 13:13:41', 1),
(106, NULL, '佐佐木夏川', '谁是第二届总选的第一', '大岛优子', '前田敦子', '柏木由纪', '渡边麻友', 0, '2013-12-08 13:13:41', '2013-12-08 13:13:41', 1),
(107, NULL, '佐佐木夏川', '谁是第三届总选的第一', '前田敦子', '大岛优子', '柏木由纪', '渡边麻友', 0, '2013-12-08 13:13:41', '2013-12-08 13:13:41', 1),
(108, NULL, '佐佐木夏川', '“马里奥”指的是哪位2位成员', '篠田麻里子  奥真奈美', '筱田麻里子  佐藤亚美菜', '筱田麻里子  河西智美', '筱田麻里子  小森美果', 0, '2013-12-08 13:13:41', '2013-12-08 13:13:42', 1),
(109, NULL, '佐佐木夏川', '1992年2月10日是哪位成员的生日', '仲川遥香', '平嶋夏海', '藤江丽奈', '峯岸南', 0, '2013-12-08 13:13:42', '2013-12-08 13:13:42', 1),
(110, NULL, '佐佐木夏川', '1991年7月15日是哪位成员的生日', '柏木由纪', '前田敦子', '大岛优子', '渡边麻友', 0, '2013-12-08 13:13:42', '2013-12-08 13:13:42', 1),
(111, NULL, '佐佐木夏川', '1992年2月19日是哪位成员的生日', '桑原瑞希', '出口阳', '佐藤圣罗', '加藤智子', 0, '2013-12-08 13:13:42', '2013-12-08 13:13:42', 1),
(112, NULL, '佐佐木夏川', '1991年11月14日是哪位成员的生日', '平松可柰子', '鬼头桃菜', '高田志织', '木下有希子', 0, '2013-12-08 13:13:42', '2013-12-08 13:13:42', 1),
(113, NULL, '佐佐木夏川', '1988年3月14日是哪位成员的生日', '出口阳', '平松可柰子', '桑原瑞希', '高田志织', 0, '2013-12-08 13:13:42', '2013-12-08 13:13:42', 1),
(114, NULL, '佐佐木夏川', 'AKB48目前最年少的成员是（2013年）', '大岛凉花', '森川彩香', '伊豆田莉奈', '小谷里布', 0, '2013-12-08 13:13:42', '2013-12-08 13:13:42', 1),
(115, NULL, '佐佐木夏川', 'Team B的第一任队长是', '浦野一美', '柏木由纪', '渡边麻友', '梅田彩佳', 0, '2013-12-08 13:13:42', '2013-12-08 13:13:42', 1),
(116, NULL, '佐佐木夏川', '以下哪位成员曾是AKB研究生 现在为SKE成员', '出口阳', '西川七海', '塞杜横田绘玲奈', '佐野友里子', 0, '2013-12-08 13:13:42', '2013-12-08 13:13:42', 1),
(117, NULL, '佐佐木夏川', '参加2011年“AKB48神保町？护国寺大戦！”的周刊Young Magazine限定组合有哪些人', '指原、高城、河西、小森、佐藤堇、宫崎、竹内', '多田、峯岸、横山、北原、佐藤亚、市川、山内', '阿部、伊豆田、市川、入山、大场、加藤、小林茉、岛崎、岛田、竹内、永尾、仲俣、中村、藤田、森、山内', '高桥、仲川、梅田、松井咲、峰岸、宫泽、横山、柏木、増田', 0, '2013-12-08 13:13:43', '2013-12-08 13:13:43', 1),
(118, NULL, '佐佐木夏川', '2005年12月8日 是AKB48的什么日子', '进行了第一次剧场公演', '秋叶原48剧场竣工', '第一期人员公布', '第一期人员招募完毕', 0, '2013-12-08 13:13:43', '2013-12-08 13:13:43', 1),
(119, NULL, '佐佐木夏川', 'AKB48第一期成员合格者人数', '24名', '25名', '48名', '27名', 0, '2013-12-08 13:13:43', '2013-12-08 13:13:43', 1),
(120, NULL, '佐佐木夏川', 'AKB48第一张独立制作的地下单曲是哪个？', '《樱花的花瓣们（桜の花びらたち）》', '《裙摆飘飘（スカート、ひらり）》', '《想见你（会いたかった）》。', '《制服真碍事（制服が邪魔をする）》', 0, '2013-12-08 13:13:43', '2013-12-08 13:13:43', 1),
(121, NULL, '佐佐木夏川', '篠田麻里子花了多少时间就记熟了舞步', '4天', '一周', '1天', '4小时', 0, '2013-12-08 13:13:43', '2013-12-08 13:13:43', 1),
(122, NULL, '佐佐木夏川', '首次在剧场外演出的演唱会AKB48 1st演唱会“想见你～柱子没了唷！在哪里举行的', '日本青年馆', '武道会馆', '横滨体育场', '代代木体育场', 0, '2013-12-08 13:13:43', '2013-12-08 13:13:44', 1),
(123, NULL, '佐佐木夏川', '周刊PLAYBOY的限定组合Team PB 有哪些人', '高城、宫崎、宫泽、柏木、多田、仁藤、前田亚', '多田、峯岸、横山、北原、佐藤亚、市川、山内', '指原、高城、河西、小森、佐藤堇、宫崎、竹内', '北原、峯岸、河西、仓持、指原、仲川、菊地', 0, '2013-12-08 13:13:44', '2013-12-08 13:13:44', 1),
(124, NULL, '佐佐木夏川', '周刊PLAYBOY的限定组合Team YJ 有哪些人', '北原、峯岸、河西、仓持、指原、仲川、菊地', '多田、峯岸、横山、北原、佐藤亚、市川、山内', '指原、高城、河西、小森、佐藤堇、宫崎、竹内', '高城、宫崎、宫泽、柏木、多田、仁藤、前田亚', 0, '2013-12-08 13:13:44', '2013-12-08 13:13:44', 1),
(125, NULL, '佐佐木夏川', '目前在单曲销售榜上在榜时间最短的单曲是哪个？', '永远的压力', 'UZA', '真夏のSounds good!', '格子花纹', 0, '2013-12-08 13:13:44', '2013-12-08 13:13:44', 1),
(126, NULL, '佐佐木夏川', '目前在单曲销售榜上在榜时间最长的单曲是哪个？', 'HR', '马尾', 'RIVER', '言い訳Maybe', 0, '2013-12-08 13:13:44', '2013-12-08 13:13:44', 1),
(127, NULL, '佐佐木夏川', '下野由贵的昵称是什么', 'SHINAMON', 'SHIMONO', 'SHIMAMO', 'SHINOMA', 0, '2013-12-08 13:13:44', '2013-12-08 13:13:44', 1),
(128, NULL, '吴蝶', 'AkB0048 2是哪一年播出的？\n', '2013', '2012', '2011', '不知道', 0, '2013-03-23 05:32:05', '2013-12-08 13:13:44', 0),
(129, NULL, 'nini998', 'snh48现有成员多少名', '24', '25', '26', '48', 0, '2013-03-23 00:20:08', '2013-12-08 13:13:44', 0),
(130, NULL, 'babybear', '兒玉遥首次进选拔的单曲是哪张？？ ', '真夏のsounds good!!! ', 'UZA ', 'So long ', 'Give me five ', 0, '2013-03-12 01:56:00', '2013-12-08 13:13:45', 0),
(131, NULL, 'AAAAAA', '月别是从什么时候开始的', '2009-7-1', '2009-8-1', '2009-9-1', '2009-12-1', 0, '2013-01-24 14:53:58', '2013-12-08 13:13:45', 0),
(132, NULL, '极道罗刹', '秋元才加辞去TEAM K队长职务的日期', '2010年10月16日', '2011年2月27日', '2010年6月14日', '2010年9月18日', 0, '2013-01-24 15:01:14', '2013-12-08 13:13:45', 0),
(133, NULL, '极道罗刹', '2011年9月24日大家志津香因为什么原因取消中国义演之行，由中田千智代役', '急性肠胃炎', '入境签证未过', '重感冒', '腹膜炎', 0, '2013-01-24 15:05:16', '2013-12-08 13:13:45', 0),
(134, NULL, '极道罗刹', '大家志津香喜欢的男子类型是什么', '身材比较矮的男子', '肉食系男子', '草食系男子', '身高较高的男子', 0, '2013-01-24 15:08:31', '2013-12-08 13:13:45', 0),
(135, NULL, '极道罗刹', '大家志津香升格所用时间', '872天', '871天', '873天', '874天', 0, '2013-01-24 15:15:22', '2013-12-08 13:13:46', 0),
(136, NULL, '因少', 'AKB48剧场初公演是哪天？', '2005年12月8日', '2005年4月8日', '2005年12月18日', '2005年12月1日', 0, '2013-01-24 15:36:14', '2013-12-08 13:13:46', 0),
(137, NULL, 'DANNY1357', '在1992年11月15日出生的是誰?', '峯岸みなみ', '橫山由依', '田名部生来', '佐藤すみれ', 0, '2013-03-06 11:25:32', '2013-12-08 13:13:46', 0),
(138, NULL, 'Mr.W', 'AKB48有許多小分隊,下列哪一個小分隊是不存在的?', 'Flash Kiss', 'Not yet', 'No name', 'Diva', 0, '2013-03-06 11:10:12', '2013-12-08 13:13:46', 0),
(139, NULL, 'Mr.W', '哪位成員經紀公司不是太田製作?', '高橋南', '大島優子', '前田敦子', '入山杏奈', 0, '2013-03-06 11:05:57', '2013-12-08 13:13:46', 0),
(140, NULL, 'Mr.W', '在"想見你"這首歌曲,下列哪位成員不在PV裡?', '渡邊麻友', '篠田麻里子', ' 小嶋陽菜', '秋元才加', 0, '2013-03-06 11:01:49', '2013-12-08 13:13:46', 0),
(141, NULL, 'Mr.W', 'AKB48史上最快由研究生升格為正式成員的為?', '高城亞樹', '大家志津香', '指原莉乃', '多田愛佳', 0, '2013-03-06 10:57:06', '2013-12-08 13:13:46', 0),
(142, NULL, 'beanv', '乃木坂46成员柏幸奈曾属于以下哪一个偶像组合', '桃色幸运草', '私立恵比寿中学', '早安少女组', 'Idolling！！！', 0, '2013-03-22 11:48:46', '2013-12-08 13:13:46', 0),
(143, NULL, '死灵伯爵xx', '曾在上海美萌女仆咖啡厅打工的来自武汉的成员是哪位？', '张馨方', '汤敏', '陈思', '莫寒', 0, '2013-03-17 09:31:07', '2013-12-08 13:13:46', 0),
(144, NULL, 'りん', '哪个成员在开通特推24小时内被结冻？', '宫泽佐江', '秋元才加', '柏木由纪', '指原莉乃', 0, '2013-03-26 04:02:00', '2013-12-08 13:13:47', 0),
(145, NULL, 'りん', '柏木由纪两大cp官配分别是？', '宫泽佐江，渡边麻友', '片山阳加，小嶋阳菜', '多田爱佳，片山阳加', '前田敦子，高桥南', 0, '2013-03-26 04:06:22', '2013-12-08 13:13:47', 0),
(146, NULL, 'りん', '松井珠理奈在akb48中最喜欢的四个人是？', '篠田麻里子，大岛优子，增田有华，宫泽佐江', '前田敦子，篠田麻里子，大岛优子，高桥南', '渡边麻友，板野友美，秋元才加，宫泽佐江', '柏木由纪，板野友美，峯岸南，小嶋阳菜', 0, '2013-03-26 04:12:28', '2013-12-08 13:13:47', 0),
(147, NULL, 'りん', '高桥南最喜欢的饮料是？', '可乐', '果汁', '乌龙茶', '柠檬汁', 0, '2013-03-26 04:14:45', '2013-12-08 13:13:47', 0),
(148, NULL, 'りん', '谁在前田敦子的生日祭中把生日蛋糕不小心砸了', '板野友美', '大島优子', '高桥南', '峯岸南', 0, '2013-03-26 04:28:58', '2013-12-08 13:13:47', 0),
(149, NULL, 'りん', '大島优子怕什么东西？', '气球', '小狗', '番茄', '辣的食物', 0, '2013-03-26 04:31:50', '2013-12-08 13:13:47', 0),
(150, NULL, '佳佳', '在周刊AKB里面野外生存那集，大岛优子一个人把什么给吃了？', '螺肉', '贝肉', '章鱼', '鲍鱼', 0, '2013-03-26 06:47:51', '2013-12-08 13:13:47', 0),
(151, NULL, '组织', 'SNH汤敏的昵称是？', '汤圆', '汤圆', '嗲妹', '糖糖', 0, '2013-03-31 09:39:52', '2013-12-08 13:13:47', 0),
(152, NULL, '石川寬奈', 'AKB誰最可愛?', '高城亞樹', '渡邊麻友', '仲川遙香', '石田晴香', 0, '2013-04-03 09:56:15', '2013-12-08 13:13:48', 0),
(153, NULL, '程志伟', 'SNH48第一次公演日期是？', '20130112', '20130111', '20130113', '20130110', 0, '2013-04-04 06:07:15', '2013-12-08 13:13:48', 0),
(154, NULL, '毛利小五郎', '小汤园是哪位成员？', '汤敏', '蒋羽熙', '戴萌', '俞慧文', 0, '2013-04-04 07:54:12', '2013-12-08 13:13:48', 0),
(155, NULL, '前田樱酱', 'akb的出道日是何时?', '2005,12,8', '2005,12,9', '2005,11,8', '2006,12,8', 0, '2013-04-06 04:21:48', '2013-12-08 13:13:48', 0),
(156, NULL, '前田亚米莉', '佐藤亚美莱在akb0048中是谁的声优？', '一条友歌', '园智惠理', '一条友歌', '岸田美森', 0, '2013-04-06 09:16:07', '2013-12-08 13:13:48', 0),
(157, NULL, '麻麻～～', '陈思的生日什么时候？', '1991年09月14日', '1991年08月13日', '1991年09月4日', '1991年09年10月', 0, '2013-04-08 15:04:48', '2013-12-08 13:13:48', 0),
(158, NULL, 'AKBフｰァン', '仁滕萌乃曾經在週刊AKB把什麼動物放到身上', '白蛇', '猫!!', '美國牛蛙', '蜥蜴', 0, '2013-04-14 10:40:14', '2013-12-08 13:13:48', 0),
(159, NULL, '李元芳', '真假学圆扛把子是谁', '板野友美', '筱田麻里子', '前田敦子', '大岛优子', 0, '2013-04-15 10:29:11', '2013-12-08 13:13:48', 0),
(160, NULL, '大好きmayuyu', '渡边麻友的生日是什么时候？', '1994年3月26日', '1994年4月26日', '1993年3月26日', '1993年4月26日', 0, '2013-04-20 02:35:05', '2013-12-08 13:13:48', 0),
(161, NULL, '酱紫', '初日这首歌是哪个队伍唱的？', 'b组', 'a组', 'k组', '4组', 0, '2013-04-21 01:35:37', '2013-12-08 13:13:48', 0),
(162, NULL, 'akb48が大好き', '渡边麻友的生日', '3月26', '3月21', '3月27', '3月23', 0, '2013-04-27 13:42:06', '2013-12-08 13:13:48', 0),
(163, NULL, 'LoveMaeda', 'UZA单曲中C位是', '大岛优子，松井珠理奈', '大岛优子，篠田麻里子', '渡边麻友，篠田麻里子', '渡边麻友，松井珠理奈', 0, '2013-04-30 20:58:38', '2013-12-08 13:13:49', 0),
(164, NULL, '果酱党', '谁在《如果杜拉》中说过要和高桥南结婚', '前田敦子', '小嶋阳菜', '柏木由纪', '大岛优子', 0, '2013-05-01 12:49:05', '2013-12-08 13:13:49', 0),
(165, NULL, 'Akai_Shuuichi', '哪个成员不是混血', '篠田麻里子', '木下有希子', '秋元才加', '奥真奈美', 0, '2013-05-04 01:57:10', '2013-12-08 13:13:49', 0),
(166, NULL, '果酱咔咔', '果酱是指AKB的哪两个成员', '高桥南 前田敦子', '小岛阳菜 大岛优子', '前田敦子 大岛优子', '大岛优子 柏木由纪', 0, '2013-05-08 04:29:59', '2013-12-08 13:13:49', 0),
(167, NULL, '果酱咔咔', '前田敦子想结婚的对象是谁', '高桥南', '大岛优子', '筱田麻里子', '中西里菜', 0, '2013-05-08 04:33:15', '2013-12-08 13:13:49', 0),
(168, NULL, '果酱', '前田敦子说过40岁和谁结婚？', '高桥南', '板野友美', '大岛优子', '峰岸南', 0, '2013-05-08 11:22:42', '2013-12-08 13:13:49', 0),
(169, NULL, 'sae推', '宫泽佐江最喜欢的气味是什么？', '包装纸的味道', '香熏的味道', '梅子的味道', '食物的味道', 0, '2013-05-16 12:20:34', '2013-12-08 13:13:49', 0),
(170, NULL, '峯岸尺欲', 'snh48的《16人姐妹歌》中以下哪位成员没有出现', '丁紫研', '顾香君', '董芷依', '陈观慧', 0, '2013-05-21 12:05:15', '2013-12-08 13:13:49', 0),
(171, NULL, '向日葵CC', 'SNH48出道后第一个毕业生是谁？', '何轶琛', '王费澌', '汤敏', '张馨方', 0, '2013-05-25 07:55:58', '2013-12-08 13:13:49', 0),
(172, NULL, '梦雅', 'snh48中谁是主力', '汤敏', '雨婷儿', '戴萌', '顾香君', 0, '2013-05-29 10:39:42', '2013-12-08 13:13:49', 0),
(173, NULL, '答案是x', '前田敦子在第二届总选举获得的名次', '第二名', '第一名', '第三名', '没参加', 0, '2013-05-29 12:01:10', '2013-12-08 13:13:50', 0),
(174, NULL, 'siusam', '前田敦子正式毕业的日期是哪天', '2012年8月27日', '2012年8月26 日', '2012年3月25日', '2012年7月10日', 0, '2013-05-30 08:27:41', '2013-12-08 13:13:50', 0),
(175, NULL, '情缘5帝皇', 'SNH48第一首歌曲是那个？', '十六人姐妹歌', '化作樱花树', '无尽旋转', '激流之战', 0, '2013-05-31 19:11:20', '2013-12-08 13:13:50', 0),
(176, NULL, '情缘5帝皇', 'SNH48第一期合格人数是多少？', '24', '20', '22', '23', 0, '2013-05-31 19:12:39', '2013-12-08 13:13:50', 0),
(177, NULL, '板野友美', '板野友美在什么时候宣布的毕业', '20130201', '20130202', '20120506', '20120904', 0, '2013-06-06 02:43:38', '2013-12-08 13:13:50', 0),
(178, NULL, 'sukie', '汤敏的生日是什么时候？', '19951225', '19960903', '19970908', '19960815', 0, '2013-06-06 05:41:49', '2013-12-08 13:13:50', 0),
(179, NULL, 'sukie', 'snh的第一次公演是在哪里？', '浅水湾', '十万人体育场', '复旦大学', '宝钢大舞台', 0, '2013-06-06 05:43:35', '2013-12-08 13:13:50', 0),
(180, NULL, 'sukie', 'snh参加草莓生写拍摄的一期生有几位？', '24', '27', '25', '26', 0, '2013-06-06 05:45:34', '2013-12-08 13:13:50', 0),
(181, NULL, 'sukie', '昵称为13的成员是谁？', '蒋羽熙', '赵嘉敏', '邱欣怡', '汤敏', 0, '2013-06-06 05:48:07', '2013-12-08 13:13:51', 0),
(182, NULL, '这是秘密呦', '佐藤堇在给哪个洋装品牌当杂志模特', 'Angelic Pretty ', 'BABY THE STARS SHINE BRIGHT', 'Inocent World', 'ALICE AND THE PIRATES', 0, '2013-06-12 10:03:05', '2013-12-08 13:13:51', 0),
(183, NULL, '玲奈一生推', 'SNH48绰号教练的成员？', '陈思', '汤敏', '张馨方', '蒋羽熙', 0, '2013-06-12 16:08:41', '2013-12-08 13:13:51', 0),
(184, NULL, '叶空', '篠田麻里子在第一次总选举中的名次是？', '第3名', '第1名', '第2名', '第5名', 0, '2013-06-14 09:23:27', '2013-12-08 13:13:51', 0),
(185, NULL, '我的中国梦', '峯岸南的生日和谁是同一天？', '户贺崎智信', '河西智美', '指原莉乃', '奥真奈美', 0, '2013-06-16 03:29:54', '2013-12-08 13:13:51', 0),
(186, NULL, '我的中国梦', '板野友美的生日是哪一天？', '1991年7月03日', '1991年7月15日', '1991月7月27日', '1991年11月16日', 0, '2013-06-16 06:23:11', '2013-12-08 13:13:51', 0),
(187, NULL, '晨静', 'snh暂定center是谁?', '汤敏', '赵嘉敏', '邱欣怡', '白叔', 0, '2013-06-22 05:12:30', '2013-12-08 13:13:51', 0),
(188, NULL, '沉静', '汤敏的昵称是?', '图图', '郡主', '章鱼', '弯弯', 0, '2013-06-22 05:15:00', '2013-12-08 13:13:51', 0),
(189, NULL, '沉静', '郡主这个昵称是谁的?', '赵嘉敏', '汤敏', '蒋羽熙', '董芷依', 0, '2013-06-22 05:18:02', '2013-12-08 13:13:52', 0),
(190, NULL, '沉静', 'snh首推的akb成员是?', '前田敦子和大岛优子', '麻里子和阳菜', '渡边麻友和小珠', '柏木尤纪和指原莉乃', 0, '2013-06-22 05:23:35', '2013-12-08 13:13:52', 0),
(191, NULL, 'hmlh', 'Fngyxkghhkmmjhnnnnggg', 'Rfghhfh', 'Jgjkjjbhh', 'Kpngojfghj', 'Vkomjhh', 0, '2013-06-24 11:12:17', '2013-12-08 13:13:52', 0),
(192, NULL, 'kxy', '岩田华怜是akb0048中谁的声优?', '本宫凪沙', '一条友歌', '13代前田敦子', '岸田美森', 0, '2013-06-25 04:24:16', '2013-12-08 13:13:53', 0),
(193, NULL, '魔女', 'akb48中的中枪帝是谁？', '高桥南', '大岛优子', '渡边麻友', '柏木由纪', 0, '2013-06-30 07:12:13', '2013-12-08 13:13:53', 0),
(194, NULL, '沙发了', '义颖是帅哥吗?', '—般般', '很帅啊', '丑男—个', '很帅吗', 0, '2013-06-30 07:20:33', '2013-12-08 13:13:53', 0),
(195, NULL, '梦樱', 'SNH48中，小汤圆是谁', '汤敏', '戴萌', '赵嘉敏', '张语格', 0, '2013-07-07 03:02:00', '2013-12-08 13:13:53', 0),
(196, NULL, '大岛优子推！', '前田敦子是什么时候毕业的？', '2012.08.27', '2013.4.16', '2012.10.21', '2012.8.27', 0, '2013-07-07 10:56:18', '2013-12-08 13:13:53', 0),
(197, NULL, '大岛优子推！', '哪一位正式成员在2013年六月退出了？', '蒋雨熙', '邱欣怡', '张馨方', '蒋雨熙', 0, '2013-07-07 10:59:52', '2013-12-08 13:13:53', 0),
(198, NULL, '啪啪柒', '成员中昵称叫傻窝的是谁？', '赵嘉敏', '莫寒', '许佳琪', '徐晨辰', 0, '2013-07-08 02:01:22', '2013-12-08 13:13:53', 0),
(199, NULL, '啪啪柒', '哪四位成员加入一期生后最先退出了snh48？', '王费澌 张馨芳 俞慧文 何轶琛', '汤敏 顾香君 王费澌 丁紫妍', '蒋羽熙 丁紫妍 汤敏 李宇琪', '孔肖吟 董芷依 汤敏 张馨芳', 0, '2013-07-08 04:48:48', '2013-12-08 13:13:53', 0),
(200, NULL, '啪啪柒', '谁加入后最先退出', '俞慧文 张馨芳 王费澌 何轶琛', '汤敏 张馨芳 顾香君 丁紫妍', '丁紫妍 董芷依 孔肖吟 陈观慧', '汤敏 蒋羽熙  王费澌 李宇琪', 0, '2013-07-08 04:52:07', '2013-12-08 13:13:53', 0),
(201, NULL, '哈里路呀', '鳗鱼茶是指哪两位', '高城亚树 北原里英', '高桥南 前田敦子', '渡边麻友 柏木由纪', '筱田麻里子 小嶋阳菜', 0, '2013-07-10 15:47:32', '2013-12-08 13:13:53', 0),
(202, NULL, 'momo', '谁才能成功叫醒河西智美', '前田敦子', '篠田麻里子', '板野友美', '指原莉乃', 0, '2013-07-10 16:12:47', '2013-12-08 13:13:53', 0),
(203, NULL, 'momo', '在akbingo的cosplay大会上cos女警并取得优胜的是', '大岛麻衣', '柏木由纪', '前田敦子', '大堀惠', 0, '2013-07-10 16:42:13', '2013-12-08 13:13:54', 0),
(204, NULL, '安琪', '2013年从AKB48毕业的是谁?', '筱田麻里子', '指原莉乃', '前田敦子', '渡边麻友', 0, '2013-07-11 04:21:50', '2013-12-08 13:13:54', 0),
(205, NULL, '高桥真奈', '大岛优子最爱谁？', '小嶋阳菜', '筱田麻里子', '秋元康', '前田敦子', 0, '2013-07-15 16:44:14', '2013-12-08 13:13:54', 0),
(206, NULL, '高桥真奈', '渡边麻友在哪次演唱会上移籍到TEAN A了？', '2012东京巨蛋', '2010代代木', '2012琦玉巡演', '2013日产体育馆', 0, '2013-07-15 16:48:19', '2013-12-08 13:13:54', 0),
(207, NULL, 'akbing', '筱田麻里子毕业演唱会地点', '福冈巨蛋', '东京巨蛋', '西武巨蛋', '秋叶原', 0, '2013-07-17 10:13:20', '2013-12-08 13:13:54', 0),
(208, NULL, 'akbing', '筱田麻里子毕业演唱会地点', '福冈巨蛋', '东京巨蛋', '西武巨蛋', '秋叶原', 0, '2013-07-17 10:13:26', '2013-12-08 13:13:54', 0),
(209, NULL, '程可昕', 'RTA左溢和哪位成员是高中校友？', '邱欣怡', '汤敏', '赵嘉敏', '蒋羽熙', 0, '2013-07-18 12:04:20', '2013-12-08 13:13:54', 0),
(210, NULL, '程可昕', 'SNH48中身高最高的是？', '吴哲晗', '徐晨辰', '蒋羽熙', '张语格', 0, '2013-07-18 12:07:18', '2013-12-08 13:13:54', 0),
(211, NULL, '菠萝包', 'SNH48汤敏的生日是多久', '1996年9月3日', '1995年8月21日', '1999年4月28日', '1998年5月5日', 0, '2013-07-18 16:39:29', '2013-12-08 13:13:55', 0),
(212, NULL, '沈冉', 'SNH48汤敏的生日是多久', '1996年9月3日', '1995年8月21日', '1999年4月28日', '1998年5月5日', 0, '2013-07-18 16:39:41', '2013-12-08 13:13:55', 0),
(213, NULL, 'Krystine', '渡边麻友的生日是哪一天？', '1994年3月26日', '1994年10月31日', '1993年6月18日', '1995年4月2日', 0, '2013-07-19 12:45:42', '2013-12-08 13:13:55', 0),
(214, NULL, '樱木君48', '上海48谁的年龄最小', '蒋雨熙', '赵嘉敏', '秋元康', '张雨格', 0, '2013-07-21 08:44:58', '2013-12-08 13:13:55', 0),
(215, NULL, 'hjy', '板野友美亲自作词的单曲有？', 'lose lose,白黑', 'dear j,lose lose', '为爱戴上耳环，突然间', 'lose lose,clone', 0, '2013-07-21 15:13:27', '2013-12-08 13:13:55', 0),
(216, NULL, '菠萝包', 'SNH48 Team 汤敏是来自哪里的？', '上海', '成都', '北京', '湖南', 0, '2013-07-21 15:18:18', '2013-12-08 13:13:55', 0),
(217, NULL, 'hjy', '山本彩说道不要在我看不见的地方欺负我是在？', '', '', '', '', 0, '2013-07-21 15:23:31', '2013-12-08 13:13:56', 0),
(218, NULL, '余无尘', '成员赵嘉敏的生日是几月几号', '7月22日', '3月26日', '10月25日', '12月4日', 0, '2013-07-23 05:14:40', '2013-12-08 13:13:56', 0),
(219, NULL, '吸血姬', 'snh48中谁人气最高', '汤敏', '赵嘉敏', '莫寒', '戴萌', 0, '2013-07-24 13:03:44', '2013-12-08 13:13:56', 0),
(220, NULL, '吸血姬', '化作樱花树MV中出现了谁', '赵嘉敏', '莫寒', '蒋羽熙', '张语格', 0, '2013-07-24 13:15:03', '2013-12-08 13:13:56', 0),
(221, NULL, '爱优子', 'snh正式成员最年少的是谁？', '赵嘉敏', '汤敏', '莫寒', '许佳琪', 0, '2013-07-26 14:59:30', '2013-12-08 13:13:56', 0),
(222, NULL, '浣熊yoru', 'AKB48 TeamA前田敦子的毕业时间？', '120827', '120408', '120325', '120824', 0, '2013-07-26 23:11:51', '2013-12-08 13:13:56', 0),
(223, NULL, '浣熊yoru', '高桥南的职称是？', '48G总监督', 'Team A队长', '剧场支配人', '无冕总队长', 0, '2013-07-26 23:15:53', '2013-12-08 13:13:56', 0),
(224, NULL, '浣熊yoru', 'No3b的事务所名称？', '尾木', '太田', '渡边', 'H社', 0, '2013-07-26 23:17:20', '2013-12-08 13:13:56', 0),
(225, NULL, '浣熊yoru', '高桥南的唱片公司是？', '环球', 'SONY', 'King Record', '艾回', 0, '2013-07-26 23:18:41', '2013-12-08 13:13:56', 0),
(226, NULL, '浣熊yoru', '新TeamA的名称是？', '篠田Team A', '大岛Team A', '渡边Team A', '高桥Team A', 0, '2013-07-26 23:19:55', '2013-12-08 13:13:57', 0),
(227, NULL, '老鼠', 'SNH48身高最高的是谁', '吴哲晗', '许佳琪', '吴哲晗', '张语格', 0, '2013-07-28 07:06:23', '2013-12-08 13:13:57', 0),
(228, NULL, '老鼠', 'SNH48Ace是谁？', '汤敏', '赵嘉敏。', '莫寒', '汤敏', 0, '2013-07-28 07:09:34', '2013-12-08 13:13:57', 0),
(229, NULL, '老鼠。', 'SNH48成员许佳琪来自哪里？', '浙江省台州市', '浙江省嘉兴市', '陕西省西安市。', '广东省深圳市', 0, '2013-07-28 07:13:16', '2013-12-08 13:13:57', 0),
(230, NULL, '大岛优子推', '第五届总选举谁第二？', '大岛优子', '指原莉乃', '渡边麻友', '柏木由纪', 0, '2013-07-31 12:44:43', '2013-12-08 13:13:57', 0),
(231, NULL, '大岛优子推', '那个是akb的海外分团？', 'jkt48', 'nmb48', 'ske48', 'hkt48', 0, '2013-07-31 12:47:32', '2013-12-08 13:13:57', 0),
(232, NULL, '汤圆！！', '谁是snh的ace？', '汤敏', '莫寒', '许佳琪', '邱欣怡', 0, '2013-07-31 12:51:25', '2013-12-08 13:13:57', 0),
(233, NULL, 'Mayurin', '哪个是前田墩子的昵称？', '吃货', '哈酱', '虎牙', '女王', 0, '2013-08-01 01:28:26', '2013-12-08 13:13:57', 0),
(234, NULL, 'Mayurin', '谁没在AKB0048当声优？', '前田敦子', '渡边麻友', '石田晴香', '松井咲子', 0, '2013-08-01 01:33:10', '2013-12-08 13:13:58', 0),
(235, NULL, 'Mayurin', '谁曾经在AKB48是不动的ACE？', '前田敦子', '大岛麻衣', '小野恵令奈', '奥真奈美', 0, '2013-08-01 01:40:59', '2013-12-08 13:13:58', 0),
(236, NULL, 'Mayurin', '谁不是单曲Beginner的中心？', '柏木由纪', '篠田麻里子', '渡边麻友', '前田敦子', 0, '2013-08-01 02:01:39', '2013-12-08 13:13:58', 0),
(237, NULL, '627779436', 'snh48中谁是ace？', '汤敏', '许佳琪', '邱欣怡', '莫寒', 0, '2013-08-03 15:19:10', '2013-12-08 13:13:58', 0),
(238, NULL, '李随云', '以下谁是SNH成员？', '汤敏', '川荣李奈', '菊地彩香', '赵敏', 0, '2013-08-04 03:02:16', '2013-12-08 13:13:58', 0),
(239, NULL, 'AKBmmmmmmmmmmm', '大岛优子时不时有个什么性格', '猥琐大叔', '乖巧可爱', '冷艳高贵', '文静儒雅', 0, '2013-08-05 14:40:21', '2013-12-08 13:13:58', 0),
(240, NULL, 'AKBmmmmmmmmmmm', '松井玲奈最爱吃什么', '菠萝包和辣的东西', '辣饼和鸡翅', '糖果和米饭', '煮鱼和可乐', 0, '2013-08-05 14:42:23', '2013-12-08 13:13:59', 0),
(241, NULL, 'AKBmmmmmmmmmmm', '指原莉乃曾发生了什么是从Akb调去Hkt？', '被人爆出与其', '与春日做不雅的事', '违法禁止条约', '想抢夺Ace', 0, '2013-08-05 14:46:08', '2013-12-08 13:13:59', 0),
(242, NULL, '禾小九', 'SNH48中莫寒获得过WCS的什么奖项？', '季军', '冠军', '亚军', '特别奖', 0, '2013-08-06 03:18:48', '2013-12-08 13:13:59', 0),
(243, NULL, 'ZHONG', '在电视节目爆裂老爹中谁被踢到脸？', '渡边麻友', '板野友美', '柏木由纪', '筱田麻里子', 0, '2013-08-07 04:13:46', '2013-12-08 13:13:59', 0),
(244, NULL, 'mayuyu', 'solong的center是谁', '渡边麻友', '大岛优子', '高桥南', '柏木由纪', 0, '2013-08-07 05:58:27', '2013-12-08 13:13:59', 0),
(245, NULL, 'Mayurin', '谁是单曲beginner的双Center?', '渡边麻友，松井珠理奈', '前田敦子，柏木由纪', '大岛优子，篠田麻里子', '高桥南，指原莉乃', 0, '2013-08-08 09:14:11', '2013-12-08 13:13:59', 0),
(246, NULL, 'Mayurin', '谁不是AKB0048的声优？', '岛田晴香', '渡边麻友', '岩田华怜', '佐藤堇', 0, '2013-08-08 09:20:34', '2013-12-08 13:13:59', 0),
(247, NULL, 'AKB48', '19910715', '007', '008', '009', '010', 0, '2013-08-10 00:55:53', '2013-12-08 13:13:59', 0),
(248, NULL, '小煜', 'SNH48 汤敏是什么星座的？', '处女座', '射手座', '白羊座', '狮子座', 0, '2013-08-10 06:35:10', '2013-12-08 13:13:59', 0),
(249, NULL, '小煜', 'SNH48 陈观慧的生日是几月几号？', '1993年8月28日', '1993年5月5日', '1994年4月18日', '1993年4月18日', 0, '2013-08-10 07:32:50', '2013-12-08 13:13:59', 0),
(250, NULL, '小煜', 'SNH48  邱欣怡的昵称是什么？', '湾湾', '弯弯', '薇薇', '欣怡', 0, '2013-08-10 07:35:07', '2013-12-08 13:14:00', 0),
(251, NULL, '小煜', 'SNH48 赵嘉敏的身高是多少？', '164', '166', '165', '160', 0, '2013-08-10 07:36:33', '2013-12-08 13:14:00', 0),
(252, NULL, '627778436', 'snh中谁是ace？', '汤敏', '莫寒', '许佳琪', '孔肖吟', 0, '2013-08-10 14:14:34', '2013-12-08 13:14:00', 0),
(253, NULL, '樱樱', '第五次选举谁夺冠了', '小指子', '优叔', '麻友', '女王', 0, '2013-08-11 18:14:51', '2013-12-08 13:14:00', 0);
INSERT INTO `quizlist` (`id`, `author_id`, `author_text`, `question`, `answer`, `wrong_1`, `wrong_2`, `wrong_3`, `difficulty`, `createtime`, `edittime`, `state`) VALUES
(254, NULL, 'Check Ring', '柏木由纪喜欢穿什么样的衣服？', '连衣裙', '短裤', '短裙', '长裙', 0, '2013-08-12 23:54:30', '2013-12-08 13:14:00', 0),
(255, NULL, '鲁鲁修', 'Akb48中谁被叫做果子？', '高桥南', '大岛优子', '小森美果', '多田爱佳', 0, '2013-08-13 17:16:33', '2013-12-08 13:14:00', 0),
(256, NULL, 'sherry', '在akb杀人事件中，CG是怎么死的？', '被刀刺死的', '在冰箱里冻死的', '被铁链绞死的', '被打死的', 0, '2013-08-14 00:09:10', '2013-12-08 13:14:00', 0),
(257, NULL, 'sherry', '在akbingo的正直将棋中，是哪位成员被测出给胡子做过永远脱毛', '高桥南', '秋元才加', '眯酱', '麻里子大人', 0, '2013-08-14 00:14:06', '2013-12-08 13:14:01', 0),
(258, NULL, 'sherry', '在akb中，no3b是由哪几为成员组成的', '高桥南，小嶋阳菜，峯岸南', '峯岸南，柏木由纪，小嶋阳菜', '高桥南，峯岸南，柏木由纪', '小嶋阳菜，柏木由纪，高桥南', 0, '2013-08-14 03:47:05', '2013-12-08 13:14:01', 0),
(259, NULL, '难波2B', '下面哪位是NMB48现任成员', '市川美织', '横山由衣', '城惠里子', '福本爱菜', 0, '2013-08-17 11:43:44', '2013-12-08 13:14:01', 0),
(260, NULL, '偷摸蛋的小伙伴', '佐藤亚美菜在akbingo男装秀上说想要与哪位成员结婚？', '松井玲奈', '渡边麻友', '指原莉乃', '宫泽佐江', 0, '2013-08-22 07:47:11', '2013-12-08 13:14:01', 0),
(261, NULL, '柏木由纪', '渡边麻友在AKB0048担任谁的声优', '园智惠理', '东云楚方', '一条友歌', '蓝田织音', 0, '2013-08-26 11:24:37', '2013-12-08 13:14:01', 0),
(262, NULL, 'Pink.', 'SNH48中那位成员的昵称是图图', '汤敏', '赵嘉敏', '董芷依', '邱欣怡', 0, '2013-08-26 12:26:32', '2013-12-08 13:14:01', 0),
(263, NULL, 'Pink.', '哪两位是center', '赵嘉敏，汤敏', '赵嘉敏，董芷依', '汤敏，张语格', '吴哲晗，曾誉嘉', 0, '2013-08-26 12:44:33', '2013-12-08 13:14:01', 0),
(264, NULL, '渡辺優奈', '篠田麻里子的摯友是？', '小嶋陽菜', '松井珠理奈', '大島優子', '高橋みなみ', 0, '2013-08-27 07:09:00', '2013-12-08 13:14:02', 0),
(265, NULL, '渡辺優奈', 'AKB48第一次握手會的舉辦原因為何？', '舞台道具故障', '秋元康想給大家驚喜', '臨時起意', '大家要求的', 0, '2013-08-27 07:11:56', '2013-12-08 13:14:02', 0),
(266, NULL, '渡辺優奈', 'AKB48第五屆選拔總選舉前七名分別為？', '指原，大島，渡邊，柏木，篠田，松井珠，松井玲', '大島，渡邊，篠田，柏木，指原，松井珠，松井玲', '渡邊，指原，大島，松井珠，篠田，柏木，松井玲', '篠田，大島，渡邊，柏木，松井玲，松井珠，指原', 0, '2013-08-27 07:17:22', '2013-12-08 13:14:02', 0),
(267, NULL, '渡辺優奈', '篠田麻里子畢業後要從事什麼工作？', '時裝', '戲劇', '舞蹈', '歌曲', 0, '2013-08-27 07:18:34', '2013-12-08 13:14:02', 0),
(268, NULL, '渡辺優奈', '大島優子一到五屆總選舉排名為？', '2, 1, 2, 1, 2', '1, 2, 2, 1, 1', '2, 2, 1, 1, 2', '1, 1, 2, 3, 2', 0, '2013-08-27 07:20:20', '2013-12-08 13:14:02', 0),
(269, NULL, '渡辺優奈', 'SKE48的雙ACE是？', '松井珠理奈，松井玲奈', '矢神久美，須田亞香里', '矢神久美，松井珠理奈', '北原里英，松井玲奈', 0, '2013-08-27 07:23:05', '2013-12-08 13:14:02', 0),
(270, NULL, '欣酱', '阿酱外号是什么', '吃货', '睡神', '矮子', '大叔', 0, '2013-09-02 06:13:46', '2013-12-08 13:14:02', 0),
(271, NULL, 'tomo省电侠', '2009年板野友美生诞祭，佐藤亚美莱送了什么礼物给她？', 'tom酱曲奇饼', '贴满钻的手机壳', '鞋子', '贴满钻的加湿器', 0, '2013-09-02 20:08:40', '2013-12-08 13:14:02', 0),
(272, NULL, 'chiqutita ', '渡边麻友最喜欢的萌物是?', '羊驼', '狗狗', '小猫咪', '兔子', 0, '2013-09-07 01:12:16', '2013-12-08 13:14:02', 0),
(273, NULL, '大岛优子', 'akb成员哪个罩杯最大达到e？', '柏木由纪', '大岛优子', '仁藤萌乃', '小野惠玲奈', 0, '2013-09-07 17:24:10', '2013-12-08 13:14:02', 0),
(274, NULL, '未雪', '谁不是AKB0048的声优？', '多田爱佳', '佐藤堇', '矢神久美', '三田麻央', 0, '2013-09-11 09:58:59', '2013-12-08 13:14:03', 0),
(275, NULL, '管子', 'SNH48成員中給AKB畢業成員寫祝賀微博的是', '董芷依', '戴萌', '張馨芳', '吳哲晗', 0, '2013-09-12 16:40:17', '2013-12-08 13:14:03', 0),
(276, NULL, 'zellhu', '真假学院2中宫泽佐江饰演的角色是？', '洋兰', '学兰', '学服', '校服', 0, '2013-09-13 06:53:29', '2013-12-08 13:14:03', 0),
(277, NULL, '阳光', '啊酱的挚友是哪位', '板野友美', '高桥南', '秋元才加', '渡边麻友、。', 0, '2013-09-19 07:00:08', '2013-12-08 13:14:03', 0),
(278, NULL, '高桥敦子', '大岛优子公开承认过喜欢哪个成员？', '小岛阳菜', '前田敦子', '高桥南', '筱田麻里子', 0, '2013-09-19 07:04:29', '2013-12-08 13:14:03', 0),
(279, NULL, '韩吉', '啊酱的起床气只有谁能叫醒', '高桥南', '大岛优子', '小岛阳菜', '板野友美', 0, '2013-09-19 08:13:56', '2013-12-08 13:14:03', 0),
(280, NULL, '韩吉', '虎牙和谁有情侣东西', '河西智美', '前田敦子', '高桥南', '松井玲奈', 0, '2013-09-19 08:15:20', '2013-12-08 13:14:03', 0),
(281, NULL, '松井美优纪', '“双大”是指哪两位成员', '松井玲奈柏木由纪', '松井玲奈渡边美优纪', '松井玲奈横山由依', '松井玲奈松井珠理奈', 0, '2013-09-20 05:25:03', '2013-12-08 13:14:03', 0),
(282, NULL, '李泽洋', '板野友美生日是', '1991.7.03', '1991.7.10', '1991.7.13', '1991.7.03', 0, '2013-09-21 03:58:18', '2013-12-08 13:14:03', 0),
(283, NULL, '李泽洋', '板野友美生日是', '1991.7.03', '1991.7.03', '1993.7.10', '1992.7.10', 0, '2013-09-21 09:40:09', '2013-12-08 13:14:03', 0),
(284, NULL, '李泽洋', '板野友美生日是?', '1991.7.03', '1992.7.03', '1992.7.10', '1991.7.10', 0, '2013-09-21 09:54:49', '2013-12-08 13:14:03', 0),
(285, NULL, 'zellhu', '下列哪项不属于陈思的特点', '喜欢梳着单马尾', '会使用双截棍', '有可爱的娃娃音', '饭们称之为陈教练', 0, '2013-09-24 05:43:18', '2013-12-08 13:14:04', 0),
(286, NULL, 'zellhu', 'akb的歌曲river被snh采纳之后重制的歌曲是什么名字？', '激流之战', '逆流而上', '激流之河', 'river', 0, '2013-09-24 05:46:09', '2013-12-08 13:14:04', 0),
(287, NULL, 'zellhu', 'snh48第一首歌在还没有首演之前在哪里偷跑了', '复旦大学', '师范大学', '露天广场', '备选剧场', 0, '2013-09-24 05:48:39', '2013-12-08 13:14:04', 0),
(288, NULL, 'zellhu', '第一个从snh脱离的成员是？', '胡美婷', '雨婷儿', '张馨芳', '俞慧文', 0, '2013-09-24 05:51:32', '2013-12-08 13:14:04', 0),
(289, NULL, 'zellhu', 'nmb48杂技团的称号从何而来？', '经常会在舞蹈里编入杂技元素', '纯情u19单曲mv中全员化身杂技团成员', '成员山本彩杂技很厉害', '成员山田菜菜杂技很厉害', 0, '2013-09-24 05:55:43', '2013-12-08 13:14:04', 0),
(290, NULL, 'love&AKB', '板野友美是2013年几月几日毕业的', '8月27日', '7月28日', '2日8日', '7月2日', 0, '2013-09-24 12:01:21', '2013-12-08 13:14:04', 0),
(291, NULL, '秋叶葵', 'akb哪个胸部最大？', '柏木由纪', '大岛优子', '小岛阳菜', '仁藤萌乃', 0, '2013-09-27 17:34:33', '2013-12-08 13:14:04', 0),
(292, NULL, 'Jiistar', 'AKB峯岸南的生日日期是', '11月15日', '8月7日', '10月4日', '6月24日', 0, '2013-09-28 13:30:22', '2013-12-08 13:14:04', 0),
(293, NULL, '胡晓琪', 'SNH48一期生最高的是？', '吴哲晗', '蒋羽熙', '许佳琪', '李宇琪', 0, '2013-09-30 03:23:23', '2013-12-08 13:14:04', 0),
(294, NULL, '女王饭', 'AKB48篠田麻里子在什么时候举行毕业公演？', '2013.7.22', '2013.8.22', '2013.7.21', '2013.8.21', 0, '2013-09-30 13:06:11', '2013-12-08 13:14:04', 0),
(295, NULL, 'YUKO優子_', '張語格的身高是多少', '168.5', '150', '155', '165', 0, '2013-10-01 15:47:09', '2013-12-08 13:14:05', 0),
(296, NULL, 'YUKO優子_', 'SNH中最矮的成員是', '羅蘭', '董芷依', '趙嘉敏', '湯敏', 0, '2013-10-01 15:48:29', '2013-12-08 13:14:05', 0),
(297, NULL, '栗子', '马路须加学园史上最强军团部长是谁', '大岛优子', '前田敦子', '松井玲奈', '筱田麻里子', 0, '2013-10-04 14:03:37', '2013-12-08 13:14:05', 0),
(298, NULL, '麻友友', '渡边麻友的生日是', '1994年3月26日', '5-25', '3-27', '3-28', 0, '2013-10-06 20:07:18', '2013-12-08 13:14:05', 0),
(299, NULL, '苹果君', 'SNH48一期生赵嘉敏首推akb成員是?', '大島优子', '峰岸南', '前田亞美', '篠田麻里子', 0, '2013-10-07 23:34:47', '2013-12-08 13:14:05', 0),
(300, NULL, '柒柒', '蒋羽熙来自哪个团', 'SNH48', 'AKB48', 'SKE48', 'HKT48', 0, '2013-10-13 01:56:02', '2013-12-08 13:14:06', 0),
(301, NULL, '柒柒', '哪位成员毕业于外国语', '陈思', '汤敏', '赵嘉敏', '蒋羽熙', 0, '2013-10-13 02:00:52', '2013-12-08 13:14:06', 0),
(302, NULL, '元K的大島優子是只小栗鼠', '赵嘉敏的英文名是什么？', 'Savoki', 'Sayo', 'Linda', 'Lisa', 0, '2013-10-20 04:42:56', '2013-12-08 13:14:06', 0),
(303, NULL, '元K的大島優子是只小栗鼠', '赵嘉敏是几几年的？', '1998', '1992', '1996', '1997', 0, '2013-10-20 04:44:09', '2013-12-08 13:14:06', 0),
(304, NULL, '元K的大島優子是只小栗鼠', '二期生孟玥的绰号', '船长', '孟酱', '海贼', '路飞', 0, '2013-10-20 04:46:09', '2013-12-08 13:14:06', 0),
(305, NULL, '柏木由纪我老婆', '鹿儿岛岛花是谁？', '柏木由纪', '指原莉乃', '渡边麻友', '前田敦子', 0, '2013-10-23 15:09:10', '2013-12-08 13:14:06', 0),
(306, NULL, '林木雅', 'snh48的center是谁？', '赵佳敏', '汤敏', '蒋羽熙', '董芷依', 0, '2013-11-03 05:23:09', '2013-12-08 13:14:06', 0),
(307, NULL, '筱寒', '啊酱的单曲flower的发行日期', '20110627', '20120315', '20080912', '20130208', 0, '2013-11-08 05:10:59', '2013-12-08 13:14:06', 0),
(308, NULL, '松井玲奈', '与柏木由纪合称双大小姐的是谁？', '松井玲奈', '渡边麻友', '儿玉遥', '大岛优子', 0, '2013-11-10 04:34:12', '2013-12-08 13:14:06', 0),
(309, NULL, '我妻天气', '板野友美毕业单曲是什么', '最后的门', 'Dear J', '1％', '白黑', 0, '2013-11-16 06:46:58', '2013-12-08 13:14:06', 0),
(310, NULL, '我妻天气', '前田敦子毕业年份', '2008', '2007', '2006', '2005', 0, '2013-11-16 06:48:06', '2013-12-08 13:14:07', 0),
(311, NULL, '我妻天气', '板野友美哪个昵称是她和河西共享的？', 'tomo', '虎牙', 'tomochi', '第二姐', 0, '2013-11-16 06:49:35', '2013-12-08 13:14:07', 0),
(312, NULL, '我妻天气', 'akb哪个成员和韩国男性权志龙交往过,后因语言沟通不顺分手', '篠田麻里子', '前田敦子', '板野友美', '大岛优子', 0, '2013-11-16 06:51:02', '2013-12-08 13:14:07', 0),
(313, NULL, '我妻天气', '谁的身高是akb成员里最矮的？', '高桥南', '大岛优子', '大岛凉花', '板野友美', 0, '2013-11-16 06:52:14', '2013-12-08 13:14:07', 0),
(314, NULL, '我妻天气', 'akb家长，akb之颜，akb不动ACE，双TOP分别是？', '高桥南，前田敦子，前田敦子，前田敦子大岛优子', '高桥朱里，前田敦子，大岛优子，板野友美河西智美', '高桥南，大岛优子，小嶋阳菜大岛优子', '高桥朱里，前田敦子，峯岸南板野友美', 0, '2013-11-16 06:56:03', '2013-12-08 13:14:07', 0),
(315, NULL, '我妻天气', '谁最爱也最能吃辣？', '松井玲奈', '松井珠理奈', '矢神九美', '木本花音', 0, '2013-11-16 06:57:28', '2013-12-08 13:14:07', 0),
(316, NULL, '我妻天气', 'AKB.SKE合作过一起部以认真为主题的电视剧，那部电视剧叫什么名字？', '马路须加学园', '樱花手信', '幽灵女友', '帅男偶像', 0, '2013-11-16 06:59:18', '2013-12-08 13:14:07', 0),
(317, NULL, '林木雅', 'snh48的center是谁？', '赵佳敏', '汤敏', '张语格', '莫寒', 0, '2013-12-02 09:08:23', '2013-12-08 13:14:07', 0),
(318, NULL, '艾希南', '高桥南的身高是多少？', '148.5cm', '154cm', '148cm', '168cm', 0, '2013-12-07 01:24:45', '2013-12-08 13:14:07', 0);

-- --------------------------------------------------------

--
-- 表的结构 `quizlist_correlation`
--

CREATE TABLE IF NOT EXISTS `quizlist_correlation` (
  `id` int(11) NOT NULL AUTO_INCREMENT,
  `quiz_id` int(11) NOT NULL,
  `group_id` int(11) NOT NULL,
  PRIMARY KEY (`id`),
  UNIQUE KEY `quiz_id` (`quiz_id`,`group_id`),
  KEY `quizlist_correlation_57ad633f` (`quiz_id`),
  KEY `quizlist_correlation_425ae3c4` (`group_id`)
) ENGINE=InnoDB  DEFAULT CHARSET=utf8 AUTO_INCREMENT=349 ;

--
-- 转存表中的数据 `quizlist_correlation`
--

INSERT INTO `quizlist_correlation` (`id`, `quiz_id`, `group_id`) VALUES
(1, 1, 2),
(2, 2, 2),
(3, 3, 2),
(4, 4, 2),
(5, 5, 2),
(6, 6, 2),
(7, 7, 2),
(8, 8, 2),
(9, 9, 3),
(10, 10, 2),
(11, 11, 2),
(12, 12, 2),
(13, 13, 2),
(14, 14, 2),
(15, 15, 2),
(16, 16, 2),
(17, 17, 2),
(18, 18, 2),
(19, 19, 2),
(20, 19, 3),
(21, 19, 4),
(22, 20, 2),
(23, 21, 2),
(24, 21, 7),
(25, 22, 2),
(26, 23, 2),
(27, 23, 3),
(28, 24, 2),
(29, 25, 2),
(30, 26, 2),
(31, 27, 2),
(32, 28, 4),
(33, 29, 4),
(34, 30, 3),
(35, 31, 2),
(36, 32, 2),
(37, 33, 2),
(38, 34, 2),
(39, 35, 3),
(40, 36, 3),
(41, 37, 7),
(42, 38, 2),
(43, 39, 2),
(44, 39, 3),
(45, 39, 4),
(46, 39, 5),
(47, 40, 3),
(48, 41, 3),
(49, 42, 3),
(50, 43, 3),
(51, 44, 2),
(52, 46, 2),
(53, 47, 2),
(54, 48, 2),
(55, 49, 2),
(56, 50, 2),
(57, 50, 4),
(58, 51, 3),
(59, 52, 2),
(60, 52, 3),
(61, 53, 4),
(62, 54, 3),
(63, 55, 2),
(64, 56, 2),
(65, 57, 2),
(66, 58, 2),
(67, 59, 3),
(68, 60, 2),
(69, 61, 2),
(70, 62, 2),
(71, 63, 2),
(72, 64, 2),
(73, 65, 2),
(74, 66, 2),
(75, 67, 2),
(76, 68, 2),
(77, 69, 2),
(78, 70, 2),
(79, 71, 2),
(80, 72, 2),
(81, 73, 2),
(82, 74, 2),
(83, 75, 2),
(84, 76, 2),
(85, 77, 2),
(86, 78, 2),
(87, 79, 2),
(88, 80, 2),
(89, 81, 2),
(90, 82, 2),
(91, 83, 2),
(92, 84, 2),
(93, 85, 2),
(94, 86, 2),
(95, 87, 3),
(96, 88, 2),
(97, 89, 2),
(98, 90, 2),
(99, 91, 2),
(100, 92, 2),
(101, 93, 2),
(102, 94, 2),
(103, 95, 2),
(104, 96, 2),
(105, 97, 2),
(106, 98, 2),
(107, 99, 2),
(108, 100, 2),
(109, 101, 2),
(110, 101, 3),
(111, 101, 4),
(112, 101, 5),
(113, 102, 2),
(114, 103, 2),
(115, 103, 3),
(116, 104, 2),
(117, 105, 2),
(118, 106, 2),
(119, 107, 2),
(120, 108, 2),
(121, 109, 2),
(122, 110, 2),
(123, 111, 3),
(124, 112, 3),
(125, 113, 3),
(126, 114, 2),
(127, 115, 2),
(128, 116, 2),
(129, 116, 3),
(130, 117, 2),
(131, 118, 2),
(132, 119, 2),
(133, 120, 2),
(134, 121, 2),
(135, 122, 2),
(136, 123, 2),
(137, 124, 2),
(138, 125, 2),
(139, 126, 2),
(140, 127, 5),
(141, 128, 2),
(142, 129, 9),
(143, 130, 5),
(144, 131, 2),
(145, 132, 2),
(146, 133, 2),
(147, 134, 2),
(148, 135, 2),
(149, 136, 2),
(150, 137, 2),
(151, 138, 2),
(152, 139, 2),
(153, 140, 2),
(154, 141, 2),
(155, 142, 6),
(156, 143, 9),
(157, 144, 2),
(158, 144, 9),
(159, 145, 2),
(160, 146, 2),
(161, 146, 3),
(162, 147, 2),
(163, 148, 2),
(164, 149, 2),
(165, 150, 2),
(166, 150, 3),
(167, 150, 4),
(168, 150, 9),
(169, 152, 2),
(170, 153, 9),
(171, 154, 9),
(172, 155, 2),
(173, 156, 2),
(174, 157, 3),
(175, 159, 2),
(176, 161, 2),
(177, 162, 2),
(178, 163, 2),
(179, 164, 2),
(180, 165, 2),
(181, 165, 3),
(182, 166, 2),
(183, 167, 2),
(184, 168, 2),
(185, 170, 9),
(186, 171, 9),
(187, 172, 9),
(188, 173, 2),
(189, 174, 2),
(190, 176, 9),
(191, 178, 9),
(192, 179, 9),
(193, 180, 9),
(194, 181, 9),
(195, 182, 2),
(196, 183, 9),
(197, 184, 2),
(198, 187, 9),
(199, 188, 9),
(200, 189, 9),
(201, 190, 9),
(202, 191, 2),
(203, 191, 3),
(204, 191, 4),
(205, 191, 5),
(206, 191, 6),
(207, 191, 8),
(208, 191, 9),
(209, 192, 2),
(210, 193, 2),
(211, 194, 6),
(212, 197, 9),
(213, 198, 9),
(214, 200, 9),
(215, 201, 2),
(216, 202, 2),
(217, 203, 2),
(218, 204, 2),
(219, 205, 2),
(220, 206, 2),
(221, 207, 2),
(222, 208, 2),
(223, 209, 9),
(224, 210, 9),
(225, 211, 9),
(226, 212, 9),
(227, 213, 2),
(228, 214, 9),
(229, 215, 2),
(230, 216, 9),
(231, 217, 4),
(232, 218, 9),
(233, 219, 9),
(234, 221, 9),
(235, 222, 2),
(236, 223, 2),
(237, 224, 2),
(238, 225, 2),
(239, 226, 2),
(240, 227, 9),
(241, 228, 9),
(242, 229, 9),
(243, 230, 2),
(244, 231, 2),
(245, 232, 9),
(246, 233, 2),
(247, 234, 2),
(248, 234, 3),
(249, 235, 2),
(250, 235, 3),
(251, 235, 4),
(252, 235, 5),
(253, 235, 6),
(254, 235, 8),
(255, 235, 9),
(256, 236, 2),
(257, 236, 3),
(258, 236, 4),
(259, 236, 5),
(260, 236, 6),
(261, 236, 8),
(262, 236, 9),
(263, 237, 9),
(264, 238, 9),
(265, 239, 2),
(266, 240, 3),
(267, 241, 5),
(268, 242, 9),
(269, 243, 2),
(270, 244, 2),
(271, 247, 2),
(272, 248, 9),
(273, 249, 9),
(274, 250, 9),
(275, 251, 9),
(276, 252, 9),
(277, 253, 2),
(278, 254, 2),
(279, 255, 2),
(280, 256, 2),
(281, 257, 2),
(282, 258, 2),
(283, 259, 4),
(284, 260, 2),
(285, 261, 2),
(286, 262, 9),
(287, 263, 9),
(288, 264, 2),
(289, 265, 2),
(290, 266, 2),
(291, 267, 2),
(292, 268, 2),
(293, 269, 3),
(294, 270, 2),
(295, 271, 2),
(296, 272, 2),
(297, 273, 2),
(298, 275, 9),
(299, 276, 2),
(300, 277, 2),
(301, 278, 2),
(302, 279, 2),
(303, 280, 2),
(304, 281, 2),
(305, 281, 3),
(306, 282, 2),
(307, 283, 2),
(308, 284, 2),
(309, 285, 9),
(310, 286, 2),
(311, 286, 9),
(312, 287, 9),
(313, 288, 9),
(314, 289, 4),
(315, 291, 2),
(316, 292, 2),
(317, 293, 9),
(318, 294, 2),
(319, 295, 9),
(320, 296, 9),
(321, 297, 2),
(322, 297, 3),
(323, 298, 2),
(324, 299, 9),
(325, 300, 2),
(326, 300, 3),
(327, 300, 5),
(328, 300, 9),
(329, 301, 9),
(330, 302, 9),
(331, 303, 9),
(332, 304, 9),
(333, 305, 2),
(334, 306, 9),
(335, 307, 2),
(336, 308, 2),
(337, 308, 3),
(338, 309, 2),
(339, 310, 2),
(340, 311, 2),
(341, 312, 2),
(342, 313, 2),
(343, 314, 2),
(344, 315, 3),
(345, 316, 2),
(346, 316, 3),
(347, 317, 9),
(348, 318, 2);

--
-- 限制导出的表
--

--
-- 限制表 `memberinfo_events`
--
ALTER TABLE `memberinfo_events`
  ADD CONSTRAINT `uid_id_refs_id_74e86667` FOREIGN KEY (`uid_id`) REFERENCES `auth_user` (`id`),
  ADD CONSTRAINT `datafrom_id_refs_id_1ab55765` FOREIGN KEY (`datafrom_id`) REFERENCES `memberinfo_team` (`id`),
  ADD CONSTRAINT `datato_id_refs_id_1ab55765` FOREIGN KEY (`datato_id`) REFERENCES `memberinfo_team` (`id`);

--
-- 限制表 `memberinfo_events_mid`
--
ALTER TABLE `memberinfo_events_mid`
  ADD CONSTRAINT `events_id_refs_id_27ec040e` FOREIGN KEY (`events_id`) REFERENCES `memberinfo_events` (`id`),
  ADD CONSTRAINT `memberinfo_id_refs_mid_2310fd27` FOREIGN KEY (`memberinfo_id`) REFERENCES `memberinfo_memberinfo` (`mid`);

--
-- 限制表 `memberinfo_memberinfo`
--
ALTER TABLE `memberinfo_memberinfo`
  ADD CONSTRAINT `grade_group_id_refs_id_3a668751` FOREIGN KEY (`grade_group_id`) REFERENCES `memberinfo_group` (`id`),
  ADD CONSTRAINT `bothin_id_refs_id_78a9c432` FOREIGN KEY (`bothin_id`) REFERENCES `memberinfo_team` (`id`),
  ADD CONSTRAINT `team_id_refs_id_78a9c432` FOREIGN KEY (`team_id`) REFERENCES `memberinfo_team` (`id`);

--
-- 限制表 `memberinfo_memberinfoedition`
--
ALTER TABLE `memberinfo_memberinfoedition`
  ADD CONSTRAINT `uid_id_refs_id_53f8a249` FOREIGN KEY (`uid_id`) REFERENCES `auth_user` (`id`),
  ADD CONSTRAINT `grade_group_id_refs_id_85f8a4a` FOREIGN KEY (`grade_group_id`) REFERENCES `memberinfo_group` (`id`),
  ADD CONSTRAINT `mid_id_refs_mid_2cf2e6ee` FOREIGN KEY (`mid_id`) REFERENCES `memberinfo_memberinfo` (`mid`),
  ADD CONSTRAINT `team_id_refs_id_6c942e4b` FOREIGN KEY (`team_id`) REFERENCES `memberinfo_team` (`id`);

--
-- 限制表 `memberinfo_team`
--
ALTER TABLE `memberinfo_team`
  ADD CONSTRAINT `group_id_refs_id_61c44fdc` FOREIGN KEY (`group_id`) REFERENCES `memberinfo_group` (`id`);

--
-- 限制表 `quizlist`
--
ALTER TABLE `quizlist`
  ADD CONSTRAINT `author_id_refs_id_1373a1` FOREIGN KEY (`author_id`) REFERENCES `auth_user` (`id`);

--
-- 限制表 `quizlist_correlation`
--
ALTER TABLE `quizlist_correlation`
  ADD CONSTRAINT `quiz_id_refs_id_45ce51cc` FOREIGN KEY (`quiz_id`) REFERENCES `quizlist` (`id`),
  ADD CONSTRAINT `group_id_refs_id_7236f8eb` FOREIGN KEY (`group_id`) REFERENCES `memberinfo_group` (`id`);

/*!40101 SET CHARACTER_SET_CLIENT=@OLD_CHARACTER_SET_CLIENT */;
/*!40101 SET CHARACTER_SET_RESULTS=@OLD_CHARACTER_SET_RESULTS */;
/*!40101 SET COLLATION_CONNECTION=@OLD_COLLATION_CONNECTION */;
